source_query,position,result_type,title,description,displayed_url,url,host,rejection_reason
Orlando FL academy elementary school,1,organic,Top Private Elementary School in Orlando,Experience The First Academy's elementary school in-person or virtually! See Why We're Central Florida's #1 Private Christian SchoolRead more,https://thefirstacademy.org › Academics › Lower School,https://thefirstacademy.org/academics/lower/elementary/,thefirstacademy.org,
Orlando FL academy elementary school,2,organic,Orlando Gifted Academy - Home,"I am extremely proud of the dedication and effort of our Staffulty, families, and, most importantly, our students in making OGA an amazing place to learn.Read more",https://orlandogiftedacademy.ocps.net,https://orlandogiftedacademy.ocps.net/,orlandogiftedacademy.ocps.net,
Orlando FL academy elementary school,3,organic,"Pluris Academy | Orlando, FL Private K-12 School","Pluris Academy is a K-12 private school in Orlando, FL that offers a comprehensive curriculum that fosters critical thinking, problem-solving, ...",https://plurisacademy.com,https://plurisacademy.com/,plurisacademy.com,
Orlando FL academy elementary school,4,organic,Pinecrest Preparatory Academy Orlando Campus,"Pinecrest Preparatory Academy is an accredited K-8 Tuition-Free High Performing Public Charter School in Orlando, FL. We empower lifelong learners!",https://www.pinecrestorlando.org,https://www.pinecrestorlando.org/,pinecrestorlando.org,
Orlando FL academy elementary school,5,organic,"The First Academy: Top PK-12 Private School in Orlando, FL","Discover a premier private Christian school in Orlando, FL, serving families since 1987, top-rated with 100% college acceptance rate for graduates.",https://thefirstacademy.org,https://thefirstacademy.org/,thefirstacademy.org,
Orlando FL academy elementary school,6,organic,"The Crenshaw Academy | Private K-12 Orlando, FL","The Crenshaw Academy is an accredited Kindergarten through 12 college preparatory school where bright, curious young boys and girls aim for a bar set high in ...Read more",https://thecrenshawacademy.com,https://thecrenshawacademy.com/,thecrenshawacademy.com,
Orlando FL academy elementary school,7,organic,Homepage - Aspire Charter AcademyAspire Charter Academy,Tuition Free Public Charter School. Call Today to Register for school! 407-297-9955 · Learn with us. Aspire Charter Academy is considered a Model Orange County ...Read more,https://aspirecharteracademy.com,https://aspirecharteracademy.com/,aspirecharteracademy.com,
Orlando FL academy elementary school,8,organic,"Elementary School in Orlando, FL","Explore exceptional K-5 education at First Phase Core Academy, an elementary school in Orlando with small classes and a diverse curriculum.",https://coreflacademy.org › elementary-school-in-orlando,https://coreflacademy.org/elementary-school-in-orlando/,coreflacademy.org,
Orlando FL academy elementary school,9,organic,Orlando Science Elementary School - Seminole ...,"Seminole Science Charter School, K-8 tuition free public charter school. STEM. Science, technology, math, engineering.",https://orlandoscience.org › elementary,https://orlandoscience.org/elementary/,orlandoscience.org,
Orlando FL academy elementary school,10,organic,"Center Academy Waterford Lakes, Florida - East Orlando","1331 South Alafaya Trail, Orlando, FL 32828 Phone: 407-270-4444 Fax: 407-286-0548 infoWL@centeracademy.com Enrolling for the Current School YearRead more",https://centeracademy.com › locations › waterford-lakes...,https://centeracademy.com/locations/waterford-lakes-florida-east-orlando/,centeracademy.com,
Orange County FL private school elementary,3,organic,Orange County Public Schools - Private Schools,"Orange Center Elementary · Orlo Vista Elementary · Palm Lake Elementary · Palmetto ... The School Board of Orange County, Florida, does not discriminate in ...Read more",https://www.ocps.net › private-schools,https://www.ocps.net/private-schools,ocps.net,
Orange County FL private school elementary,4,organic,"Best Private Elementary School Orange County, FL","Crenshaw Academy, The Best Private Elementary School In Orange County, Florida. Crenshaw Academy is an accredited kindergarten through 12 college preparatory ...Read more",https://thecrenshawacademy.com › best-private-elementa...,https://thecrenshawacademy.com/best-private-elementary-school-orange-county-fl,thecrenshawacademy.com,
Orange County FL private school elementary,5,organic,Private Schools in Orange County,"Premier listings for all of Orange County. Featuring a listing by city of featured Orange County Preschools, Private Schools & Higher Education.Read more",https://www.orangecounty.net › html › edu_private2,https://www.orangecounty.net/html/edu_private2.html,orangecounty.net,
Orange County FL private school elementary,6,organic,Florida Private Schools Directory - School Choice,"Information contained in this database was submitted by private schools as part of the annual survey requirement found in section 1002.42, Florida Statutes.Read more",https://www.floridaschoolchoice.org › information › pri...,https://www.floridaschoolchoice.org/information/privateschooldirectory/,floridaschoolchoice.org,
Orange County FL private school elementary,7,organic,Waldorf School Orange County | Creative and Innovative ...,"WSOC is a dual-accredited private school nestled beside acres of parkland in Costa Mesa, Orange County, California, educating ages 18 months through 18 years.Read more",https://www.waldorfschool.com,https://www.waldorfschool.com/,waldorfschool.com,
Orange County FL private school elementary,9,organic,Foundation Academy | Top Christian Private School in Winter ...,"As a leading private christian school in Winter Garden, Foundation Academy is rooted in Christian principles, and helps students from Pre-K to 12th grade ...",https://www.foundationacademy.net,https://www.foundationacademy.net/,foundationacademy.net,
Orange County FL christian school elementary,3,organic,"Orlando Christian Prep - Orlando, FL",Orlando Christian Prep offers a college-preparatory curriculum. This includes variety of honors courses and Advanced Placement (AP) cours.Read more,https://www.orlandochristianprep.org,https://www.orlandochristianprep.org/,orlandochristianprep.org,
Orange County FL christian school elementary,4,organic,Orlando's Only K4–12 Christian Classical School,"A school that wants to know your child, teach them how to think and discover the world using a biblical worldview and time-tested classical tools for learning.Read more",https://www.genevaschool.org,https://www.genevaschool.org/,genevaschool.org,
Orange County FL christian school elementary,5,organic,Trinity Christian School,"Founded with a mission to uphold the highest standards of academic excellence, TCS is equally dedicated to fostering spiritual growth in every student.Read more",https://www.tcsapopka.org,https://www.tcsapopka.org/,tcsapopka.org,
Orange County FL christian school elementary,7,organic,Central Florida Christian Academy: Homepage,"An accredited, PreK-12th grade private Christian school in Orlando, Florida that exists to educate, inspire, and equip students for life.",https://cfcaeagles.org,https://cfcaeagles.org/,cfcaeagles.org,
Orange County FL christian school elementary,9,organic,Cornerstone Charter Academy,"Cornerstone Charter Academy is a K-12 Accredited Tuition-Free Public Charter School in Belle Isle, FL. Learn more about our STEM programming. Apply now!",https://www.cornerstonecharter.com,https://www.cornerstonecharter.com/,cornerstonecharter.com,
Orange County FL charter school elementary,1,organic,Current List of Charter Schools,"Current List of Charter Schools ; Orlando Science Elementary Charter. (STEM Focus). K-5. 2611 Technology Dr. Orlando, FL 32804. 407-299-6595 ; Orlando Science ...Read more",https://www.ocps.net › current-list-of-charter-schools,https://www.ocps.net/current-list-of-charter-schools,ocps.net,
Orange County FL charter school elementary,3,organic,Charter Schools Home,"Schools are tuition-free public schools which operate under a performance contract or ""charter"" agreement between a governing board and the local public school ...Read more",https://www.ocps.net › charter-schools-home,https://www.ocps.net/charter-schools-home,ocps.net,
Orange County FL charter school elementary,5,organic,Orlando Science Schools: OSS Main Campus,"Orlando Science School is a STEM-focused, tuition-free, public charter school serving grades K-12. Orlando Science School was named the best public high school ...Read more",https://orlandoscience.org,https://orlandoscience.org/,orlandoscience.org,
Orange County FL charter school elementary,7,organic,West Orange,UCP Bailes Community Academy Charter School is our new Kindergarten through 8th grade Charter School. Our Bailes Community Academy utilizes technology ...,https://www.ucpcharter.org › westorange,https://www.ucpcharter.org/westorange,ucpcharter.org,
Orange County FL charter school elementary,8,organic,Princeton House Charter School,PHCS became a charter school in 1998 and is devoted to serving children with Autism in grades PK-5th. Our children represent the full spectrum of Autism.Read more,https://www.princeton-house.org,https://www.princeton-house.org/,princeton-house.org,
Orange County FL charter school elementary,10,organic,Orlando: Charter Schools,"Mater Narcoossee is a K-12 Tuition-Free Public Charter School in Orange County, Florida. ... charter elementary school owned and operated by ...Read more",https://fun4orlandokids.com › Education-Childcare › Ch...,https://fun4orlandokids.com/Education-Childcare/Charter-Schools/,fun4orlandokids.com,
Orange County FL lower school,1,organic,Orange County Public Schools - Home,"""My experience at Orange County Public Schools has been amazing. The teachers and the education are absolutely wonderful."" Junior Student. ""Orange County Public ...Read more",https://www.ocps.net,https://www.ocps.net/,ocps.net,
Orange County FL lower school,2,organic,Orlando Lower School,At Lake Highland Preparatory School we offer a premier education for Pre-K through 6th-grade students. Our lower school programs offer a wide selection of ...,https://www.lhprep.org › academics › lower-school,https://www.lhprep.org/academics/lower-school,lhprep.org,
Orange County FL lower school,3,organic,Orange County Public Schools - Schools Home,"To find the perfect school for your student, click on the “Find My School” icon below and easily search by school name, home address, or by zone. Quick Links ...Read more",https://www.ocps.net › schools,https://www.ocps.net/schools,ocps.net,
Orange County FL lower school,5,organic,LOWER SCHOOL - Keystone Academy,"Beginning in the lower school, students establish strong foundations in the mechanics of reading, writing, grammar, composition, and math.Read more",http://www.keystone-academy.com › lower-school,http://www.keystone-academy.com/lower-school,keystone-academy.com,
Orange County FL lower school,7,organic,Orangewood Christian School: Home,Orangewood Christian School lovingly serves students in grades K4-12. Orangewood nurtures a relational learning environment that cares for the whole student.Read more,https://www.orangewoodchristian.org,https://www.orangewoodchristian.org/,orangewoodchristian.org,
Orange County FL lower school,10,organic,"Windermere Preparatory School | Private School in Florida, ...","As the #1 Best Private K-12 and High School in Orange County per the 2026 Niche Best Schools Rankings, Windermere Prep School is a truly unique place to learn.Read more",https://www.nordangliaeducation.com › wps-florida,https://www.nordangliaeducation.com/wps-florida,nordangliaeducation.com,
Orange County FL montessori elementary,1,organic,"Innovation Montessori Ocoee | Montessori School | Ocoee, FL",Innovation Montessori Ocoee - Kindergarten-12th Grade Leading Public Montessori Charter School in Ocoee Florida. Offering VPK and 3 year old preschool with ...,https://www.innovationmontessori.com,https://www.innovationmontessori.com/,innovationmontessori.com,
Orange County FL montessori elementary,2,organic,"Orlando Montessori Bilingual Academy | Orlando, FL","Education for Life. A Montessori school for children ages 3 to 12 years ... 61 S Dean Rd, Orlando, FL 32825, United States of America. (407) 482-2370.Read more",https://www.orlandomontessori.com,https://www.orlandomontessori.com/,orlandomontessori.com,
Orange County FL montessori elementary,4,organic,Montessori School of Orlando,,https://montessorischooloforlando.com,https://montessorischooloforlando.com/,montessorischooloforlando.com,
Orange County FL montessori elementary,5,organic,Montessori Way School: Home,"Montessori Way School is an independent private Montessori school in Orlando, Florida, offering a Montessori curriculum for preschool through sixth grade ...",https://montessoriwayschool.com,https://montessoriwayschool.com/,montessoriwayschool.com,
Orange County FL montessori elementary,6,organic,Private School | Montessori School of East Orlando | United ...,The Montessori School of East Orlando is dedicated to providing an environment in which each child is free to develop to his/her potential.,https://www.mseastorlando.com,https://www.mseastorlando.com/,mseastorlando.com,
Orange County FL montessori elementary,7,organic,Montessori World School - Preschool & Child Care Center ...,"40 years of authentic Montessori education encouraging the natural joy of learning from pre-primary to 6th grade private school serving Orlando, FL.Read more",https://montessoriworldschool.com,https://montessoriworldschool.com/,montessoriworldschool.com,
Orange County FL montessori elementary,8,organic,Montessori Schools | EdGuideCF,"MONTESSORI LEARNING – Search below from 14 Montessori schools ; COUNTY, Orange. CITY, Apopka. ZIP CODE, 32703. PHONE, 407-786-2255. MON-FRI HOURS, 7:15-6:00.Read more",https://www.edguidecf.com › copy-of-early-learning,https://www.edguidecf.com/copy-of-early-learning,edguidecf.com,
Orange County FL montessori elementary,9,organic,Nona Park Montessori School,"At Nona Park Montessori School, we are committed to using authentic Montessori practices to inspire joyful learning, growth, and development.Read more",https://nonaparkmontessorischool.com,https://nonaparkmontessorischool.com/,nonaparkmontessorischool.com,
Orange County FL preparatory school elementary,2,organic,Central Florida Preparatory School | Private PreK-12 Orlando,"Pre-K through 12th grade. An average SAT of 1280, 100% college matriculation, and a curriculum designed around the way each child actually learns.Read more",https://cfprep.org,https://cfprep.org/,cfprep.org,
Orange County FL preparatory school elementary,7,organic,Bridge Prep Academy Orange Campus,"Come and see all BridgePrep Academy of Orange Campus has to offer. Enrollment is open for students in grades K-8. Our school is small, safe, quaint and has a ...Read more",https://www.bridgepreporange.com,https://www.bridgepreporange.com/,bridgepreporange.com,
Orange County FL preparatory school elementary,8,organic,Top Rated Private School | Lake Highland Prep,"Lake Highland Prep is Orlando's top-rated private school, providing Pre-K-12 students with a remarkable education and exceptional leadership opportunities.",https://www.lhprep.org,https://www.lhprep.org/,lhprep.org,
Orange County FL christian school elementary,10,organic,Eastland Christian School,Eastland Christian School is a K4-12th grade college-preparatory school. God's Word is the foundation for ECS curriculum.Read more,https://www.eastlandchristian.org,https://www.eastlandchristian.org/,eastlandchristian.org,
Orange County FL christian school elementary,11,organic,One School | Central Florida Private School | Future Focused,Are you looking for a private school in Central Florida where your child's mind and heart will be fully engaged? Private Christian school reimagined.,https://www.oneschool.net,https://www.oneschool.net/,oneschool.net,
Orange County FL christian school elementary,12,organic,Family Christian Academy: www.fcaorlando.com Private ...,To train up disciples for Christ by incorporating Biblical values into educational standards and instilling an attitude of excellence.Read more,https://www.fcaorlando.com,https://www.fcaorlando.com/,fcaorlando.com,
Orange County FL christian school elementary,13,organic,Faith Christian Academy | Orlando – A Ministry of Faith ...,We place a strong emphasis on providing a well-rounded education for our students while prioritizing the integration of a biblical worldview into all aspects of ...Read more,https://fcalions.org,https://fcalions.org/,fcalions.org,
Orange County FL christian school elementary,14,organic,Welcome to Winter Garden Christian Academy | Private ...,Discover Winter Garden Christian Academy - opening Fall 2024. Prepare your child for a transformative education in a private Christian school in Winter ...,https://www.wgcacademy.org,https://www.wgcacademy.org/,wgcacademy.org,
Orange County FL christian school elementary,15,organic,"Berean Christian Academy | Orange Park, FL Private School","Berean Christian Academy is a private Christian school in Orange Park, FL. Learn how we inspire, challenge, and nurture students from Pre-K ...",https://bccanes.org,https://bccanes.org/,bccanes.org,
Orange County FL christian school elementary,16,organic,San Clemente Christian School: TK–8 Private Christian School,San Clemente Christian School is a private TK–8 Christian school serving South Orange County with faith-based academics for over 40 years.,https://www.sanclementechristianschool.com,https://www.sanclementechristianschool.com/,sanclementechristianschool.com,
Orange County FL christian school elementary,17,organic,The Master's Academy: Home,"Grades 9 - 12. Developing confident, capable, and Christ-centered leaders ready for college and life. 6 high school male students in a semicircle.Read more",https://www.mastersacademy.org,https://www.mastersacademy.org/,mastersacademy.org,
Orange County FL christian school elementary,18,organic,Heritage Prep School,We are an accredited Christian school with a small average class size of only 15 students and 90 percent of Heritage graduates continue into higher learning.Read more,https://heritageprep.com,https://heritageprep.com/,heritageprep.com,
Orange County FL private school elementary,11,organic,K-12 Private Schools,"Private elementary and secondary schools in Florida are not licensed, approved, accredited, or regulated by the Florida Department of Education.Read more",https://www.fldoe.org › schools › school-choice › priva...,https://www.fldoe.org/schools/school-choice/private-schools/,fldoe.org,
Orange County FL private school elementary,15,organic,Lift Orlando & Orange Center Elementary,Parents at Orange Center Elementary School have voted to convert the school into Florida's first public-private charter school through a partnership with Lift ...Read more,https://www.liftorlando.org › eduupdate,https://www.liftorlando.org/eduupdate,liftorlando.org,
Orange County FL private school elementary,19,organic,Best Private School In Orlando | Orlando Preparatory School,"As the No.1-ranked private school and STEM school in the Orlando area, Trinity Prep offers unmatched educational and extracurricular opportunities for its ...",https://www.trinityprep.org,https://www.trinityprep.org/,trinityprep.org,
Orange County FL elementary school,6,organic,Home - Orange County School District,"Welcome to Orange County Schools! Engage, Challenge, Inspire! Reach your maximum potential! Follow our news and events to learn what's happening.",https://www.orangecountyfirst.com,https://www.orangecountyfirst.com/,orangecountyfirst.com,
Orlando FL academy elementary school,11,organic,UCP CHARTER SCHOOLS | Charter School in Orlando | 4780 ...,"We are a network of nine inclusive, tuition-free charter schools across Orange, Osceola, and Seminole Counties, along with our fully online K–5 school.Read more",https://www.ucpcharter.org,https://www.ucpcharter.org/,ucpcharter.org,
Orlando FL academy elementary school,14,organic,Elementary School,"8464 Winter Garden Vineland Rd, Orlando, FL 32836, USA. Main Office: 407-614-1780. Tilden Campus. Directions. 15304 Tilden Rd, Winter Garden, FL 34787-5317, USA ...Read more",https://www.foundationacademy.net › academics › elem...,https://www.foundationacademy.net/academics/elementary-school/,foundationacademy.net,
Orlando FL academy elementary school,15,organic,Scholastic Academies,"At the Sun Blaze Elementary Gifted Scholastic Academy, you'll dive into exciting challenges, hands-on projects, and advanced learning opportunities that prepare ...Read more",https://www.ocps.net › scholasticacademies,https://www.ocps.net/scholasticacademies,ocps.net,
Orlando FL academy elementary school,17,organic,"Living Word Academy – Orlando, FL","Living Word Academy is a private Christian school serving Toddler, Preschool, VPK, Middle School and High School students, located in Orlando, FL. LEARN ...Read more",https://lwaorlando.com,https://lwaorlando.com/,lwaorlando.com,
Orlando FL academy elementary school,18,organic,Jewish Academy of Orlando,Gotlib Jewish Academy is Orlando's premier Jewish community day school. Gotlib Jewish Academy is accredited by the Florida Council of Independent Schools.,https://www.jewishacademyorlando.org,https://www.jewishacademyorlando.org/,jewishacademyorlando.org,
Orlando FL academy elementary school,19,organic,The Conrad Academy & Preschool,"We provide a nurturing and educational environment for infants, toddlers, and VPK aged children. Our trained staff is dedicated to teaching your little ones.Read more",https://www.conradacademy.org,https://www.conradacademy.org/,conradacademy.org,
Orange County FL lower school,12,organic,PreK-12 Private School in Orange Park | St. Johns Country Day,"Discover St. Johns, Orange Park's hidden gem for PreK-12 education. Personalized learning, strong academics, arts, athletics & a supportive campus ...",https://www.sjcds.net,https://www.sjcds.net/,sjcds.net,
Orange County FL lower school,13,organic,The Walden Community School Orlando | Discover Creative ...,"Explore Walden Community School Orlando, offering small classes, diverse learning programs, and a focus on creativity and critical thinking for K-12 ...",https://www.thewaldenschoolorlando.com,https://www.thewaldenschoolorlando.com/,thewaldenschoolorlando.com,
Orange County FL lower school,16,organic,The Bolles School: Home,"Lower School Ponte Vedra Beach Campus (Pre K - Grade 5) 200 ATP Tour Boulevard, Ponte Vedra Beach, FL 32082 904-285-4658; Middle School Bartram Campus (Grades 6 ...Read more",https://www.bolles.org,https://www.bolles.org/,bolles.org,
Orange County FL lower school,18,organic,Find My School Home,"The Student Enrollment Office is located at 6501 Magic Way, Bldg 100B, Orlando, FL 32809. Office hours are 7:30 a.m. - 4:30 p.m. Monday through Friday (except ...Read more",https://www.ocps.net › find-my-school-home,https://www.ocps.net/find-my-school-home,ocps.net,
Orange County FL lower school,19,organic,Orange County Public Schools: Home,Elementary Schools (PreK - Grade 5) Strategic Plan Community School Partnerships Secondary School (Grades 6-12)Read more,https://www.ocss-va.org,https://www.ocss-va.org/,ocss-va.org,
Orange County FL lower school,20,organic,Orange County Public Schools release 'potential uses' for ...,"The proposal outlines potential uses like a healthcare facility, a welcome center, and space for professional development for teachers and ...",https://www.wusf.org › education › orange-county-pub...,https://www.wusf.org/education/2026-01-07/orange-county-public-schools-release-potential-uses-for-seven-schools-that-may-close,wusf.org,
Orange County FL K-8 school,3,organic,Middle School & K-8 Cadres,Middle School & K-8 Cadres ; Jenny Gibson. Principal Leader Middle School - Cadre 1. Middle Schools – Cadre 1 ; Rolando Bailey. Principal Leader Middle Schools - ...Read more,https://www.ocps.net › ...,https://www.ocps.net/126617_3,ocps.net,
Orange County FL K-8 school,5,organic,Windy Ridge K-8 - Home - Orange County Public Schools,"Students at Windy Ridge K-8 receive a comprehensive educational experience centered around four pillars of excellence; STEM, Arts, Language and Leadership.Read more",https://windyridgek8.ocps.net,https://windyridgek8.ocps.net/,windyridgek8.ocps.net,
Orange County FL K-8 school,6,organic,List of Schools in Orange District (48),"901 Webster Avenue, Winter Park, FL 32789, (407) 897-6410. Map · Orlando Science Charter School K-8 (0103) 2600 Technology Drive, Orlando, FL 32804, (407) 299 ...Read more",https://web03.fldoe.org › Schools › schoolreport,https://web03.fldoe.org/Schools/schoolreport.asp?id=48,web03.fldoe.org,
Orange County FL K-8 school,7,organic,Pinecrest Creek Academy,Pinecrest Creek is a K-5 Accredited Tuition-Free Public Charter School. We offer all students an interactive and supportive learning environment. Apply now!,https://www.pinecrestcreekacademy.org,https://www.pinecrestcreekacademy.org/,pinecrestcreekacademy.org,
Orange County FL montessori elementary,11,organic,Home - Turtleriver Montessori,"Turtle River Montessori at 740 W Indiantown Road in Jupiter, Florida, offers authentic Montessori programs for children starting at 18 months and up to ...Read more",https://turtlerivermontessori.com,https://turtlerivermontessori.com/,turtlerivermontessori.com,
Orange County FL montessori elementary,12,organic,Maitland Montessori: Montessori School Website,Programs at our Montessori schools are defined by the practical application of sensory-based and self-directed learning through the authentic Montessori Method.Read more,https://maitlandmontessori.org,https://maitlandmontessori.org/,maitlandmontessori.org,
Orange County FL montessori elementary,13,organic,One of the Best Montessori Schools in Orange County ...,"Hillside Montessori School is located in Trabuco Canyon: For infants, toddlers, preschoolers, and kindergarteners, we provide Montessori programs.",https://www.hillsidemontessori.org,https://www.hillsidemontessori.org/,hillsidemontessori.org,
Orange County FL montessori elementary,14,organic,Children's House Montessori School,"For more than 40 years, Children's House Montessori School in DeLand, Florida has provided an outstanding educational program for children.",https://www.delandmontessori.com,https://www.delandmontessori.com/,delandmontessori.com,
Orange County FL montessori elementary,15,organic,Elementary Program: Ages 6-8 years old,Our Heritage Montessori elementary school serves children ages 6-8 and helps students develop natural curiosity while building strong academic foundations.Read more,https://www.heritagemontessori.com › elementary,https://www.heritagemontessori.com/elementary/,heritagemontessori.com,
Orange County FL montessori elementary,17,organic,International Montessori Academy Schools: USA,"International Montessori Academies are committed to providing a high quality loving and safe environment, where children learn through doing.",https://www.intmontessori.com,https://www.intmontessori.com/,intmontessori.com,
Orange County FL montessori elementary,18,organic,The Montessori Academy of Celebration | Discover Montessori ...,"Explore Montessori Academy of Celebration, a nurturing Montessori school for children ages 2.5 to 17, fostering independence, curiosity, and lifelong love ...",https://www.montessoriacademycelebration.com,https://www.montessoriacademycelebration.com/,montessoriacademycelebration.com,
Orange County FL montessori elementary,19,organic,Rancho Viejo School – An independent Montessori School of ...,"The Rancho Viejo School, a premier South Orange County Montessori School, serves students from age 18 months through elementary school.Read more",https://ranchoviejoschool.com,https://ranchoviejoschool.com/,ranchoviejoschool.com,
Orange County FL montessori elementary,20,organic,Cypress Junction Montessori,"Our 4th to 5th Grade Community, builds on elementary foundations, offering advanced, self-directed learning in language arts, math, science, social studies, and ...Read more",https://cypressjunction.org,https://cypressjunction.org/,cypressjunction.org,
Orange County FL christian school elementary,20,organic,"Grace Christian Schools – Lake Forest, CA Providing ...","We are committed to education grounded in Christian principles, and we focus on supporting and strengthening the Christian faith of our students, faculty, and ...Read more",https://gracechristianschools.org,https://gracechristianschools.org/,gracechristianschools.org,
Orange County FL christian school elementary,22,organic,Contact Us,"Elementary School · Middle School · High School · Services. Contact. (407) 859 9511. 5815 Makoma Drive Orlando, Florida 32839. Accreditation. National Private ...Read more",https://sochristianacademy.com › contact-us,https://sochristianacademy.com/contact-us/,sochristianacademy.com,
Orange County FL christian school elementary,24,organic,Friends Christian School | Develop. Nurture. Equip,"We are a private, Christian school in Yorba Linda, CA. We serve North Orange County and its' surrounding communities preschool to 8th grade.",https://www.friendschristian.org,https://www.friendschristian.org/,friendschristian.org,
Orange County FL christian school elementary,25,organic,Trinity Christian Academy | Private Christian School,Trinity Christian academy is a private Christian school located in Jacksonville. We exist to offer quality education in a Christian atmosphere.,https://tcajax.org,https://tcajax.org/,tcajax.org,
Orange County FL christian school elementary,26,organic,Covenant Christian School - Excellence in Education,"1855 N. Orange-Olive Road, Orange, CA 92865 Phone: (714) 998-4852 Fax: (714) 998-5425 Accreditation Covenant Presbyterian ChurchRead more",https://covschool.org,https://covschool.org/,covschool.org,
Orange County FL christian school elementary,27,organic,Pre-K–12 Academics | Christian Private School in Orange ...,Our high-level private school academics rooted in Biblical principles ensure our students from Pre-K to 12th grade have a solid foundation built for life.,https://www.foundationacademy.net › academics,https://www.foundationacademy.net/academics/,foundationacademy.net,
Orange County FL christian school elementary,28,organic,Elementary,"The elementary program provides a strong, core curriculum of Bible, math, reading/phonics, grammar, spelling, history, and science.Read more",https://www.scacrusaders.com › academics › elementary,https://www.scacrusaders.com/academics/elementary.cfm,scacrusaders.com,
Orange County FL christian school elementary,29,organic,Home | Spirit Academy | Hybrid Christian School,"A family-based, hybrid, Christian education. SCA provides programs for TK through 12th grade with a blend of classroom and at-home learning within a five-day ...Read more",https://www.spiritacademy.org,https://www.spiritacademy.org/,spiritacademy.org,
Orange County FL academy elementary school,4,organic,"Orange County Academy, Orlando, FL, K-9 Grade, 9 Reviews","See test scores and detailed information for Orange County Academy in Orlando, FL 32833. This FL school is located at 18415 11th Ave and is in the.",https://www.movoto.com › ... › Orlando › 32833,https://www.movoto.com/schools/orlando-fl/orange-county-academy-1213282/,movoto.com,
Orange County FL academy elementary school,5,organic,Search for Private Schools - School Detail for,School Name: Orange County Academy ; NCES School ID: A1100691 ; Physical Address: 18415 11th Ave ; County: Orange Schools in County ; Phone: (407) 298-2950.Read more,https://nces.ed.gov › surveys › pss › school_detail,https://nces.ed.gov/surveys/pss/privateschoolsearch/school_detail.asp?Search=1&Zip=32833&Miles=20&ID=A1100691,nces.ed.gov,
Orange County FL academy elementary school,8,organic,Orlando Gifted Academy - Orange County Public Schools,The Orlando Gifted Academy provides opportunities for elementary gifted learners to reach their potential while pursuing interests and tapping into strengths.Read more,https://ocps.smartsiteshost.com › ...,https://ocps.smartsiteshost.com/42123_4,ocps.smartsiteshost.com,
Orange County FL preparatory school elementary,11,organic,Admissions | Orlando Private School,"Elementary school. Kindergarten – 4th grade. These grades include a diverse curriculum of reading, writing, grammar, social science, math, handwriting, and ...Read more",https://www.lakeforrestprep.com › admissions,https://www.lakeforrestprep.com/admissions/,lakeforrestprep.com,
Orange County FL preparatory school elementary,17,organic,Orange County Preparatory Academy - Orlando,"Orange County Preparatory Academy is an educational institution in Orlando, FL that provides a comprehensive academic program for students in the local ...Read more",https://www.mapquest.com › ... › Florida › Orlando,https://www.mapquest.com/us/florida/orange-county-preparatory-academy-365034739,mapquest.com,
Orange County FL preparatory school elementary,18,organic,Bridgeprep Academy Charter Schools,"BridgePrep is a challenging, rigorous, and safe environment where students can have fun while learning essential skills. All staff members are friendly and ...Read more",https://www.bridgeprepacademy.com,https://www.bridgeprepacademy.com/,bridgeprepacademy.com,
Orange County FL preparatory school elementary,20,organic,Smith Preparatory Academy | Christian Classical Education ...,Providing Christian Classical Education to students in Orlando for 30 years. Cultivating Christian virtue in K3-12 students through a beautiful education.,https://www.smithprep.com,https://www.smithprep.com/,smithprep.com,
Orlando FL lower school,2,organic,Enroll Today — The Walden Community School Orlando,"Explore Walden Community School Orlando's lower school program, emphasizing foundational learning, inquiry, arts integration, and student development for a ...",https://www.thewaldenschoolorlando.com › lower-school,https://www.thewaldenschoolorlando.com/lower-school,thewaldenschoolorlando.com,
Orlando FL lower school,3,organic,Hillcrest Elementary - Home - Orange County Public Schools,"We were also named a 2024-2025 School of Excellence by the Florida Department of Education. ... 1010 E Concord StOrlando, FL 32803-4619. Phone +1 407-245-1770 ...Read more",https://hillcrestes.ocps.net,https://hillcrestes.ocps.net/,hillcrestes.ocps.net,
Orlando FL lower school,4,organic,Lower School | Preschool-5th Grade,"From kindergarten prep to 5th grade and beyond, discover our top-rated Christian elementary school in Orlando, FL ... Private Lower School for Fun & Fundamentals.Read more",https://thefirstacademy.org › Academics,https://thefirstacademy.org/academics/lower/,thefirstacademy.org,
Orlando FL lower school,5,organic,windermere prep's lower school curriculum,"One of the best elementary schools in Orlando, Windermere Prep empowers our Lower School students to shape their own academic journey. Our world-class ...Read more",https://www.nordangliaeducation.com › wps-florida › lo...,https://www.nordangliaeducation.com/wps-florida/academic-excellence/lower-school,nordangliaeducation.com,
Orlando FL lower school,6,organic,Lower Elementary Program,"The lower elementary Montessori program is typically designed for children aged 6 to 9 years old, encompassing grades 1 to 3 in a classroom school setting.Read more",https://www.orlandomontessori.com › lower-elementary,https://www.orlandomontessori.com/lower-elementary,orlandomontessori.com,
Orlando FL lower school,10,organic,Lower School,Circle's Lower School is comprised of full-day educational programs and numerous extracurricular class offerings.Read more,https://circlechristianschool.org › Academics,https://circlechristianschool.org/academics/lower-school/,circlechristianschool.org,
Orange County FL charter school elementary,13,organic,Lake Eola Charter School – Tuition Free K-8 Public School In ...,Welcome to Lake Eola Charter School. We have limited openings at this time for students in Grades 3-8. If you would like to register your child now and ...Read more,https://www.lecs.org,https://www.lecs.org/,lecs.org,
Orange County FL charter school elementary,18,organic,Orange Center Elementary parents approve transition to ...,"The new charter school will provide wrap-around services, like after-school programs, early learning and healthcare. The transition began in ...Read more",https://www.cfpublic.org › education › orange-center-el...,https://www.cfpublic.org/education/2026-01-23/orange-center-elementary-parents-approve-transition-to-public-private-charter-school,cfpublic.org,
Orange County FL charter school elementary,19,organic,Orange County Classical Academy A Hillsdale College ...,"The Mission of the Orange County Classical Academy is to develop students in mind and character through a classical, content-rich liberal arts and sciences ...Read more",https://orangecountyclassicalacademy.org,https://orangecountyclassicalacademy.org/,orangecountyclassicalacademy.org,
Orange County FL K-8 school,11,organic,Orange County Public Schools - Calendars Home,K-8 Schools. Arbor Ridge K-8 · Audubon Park School · Blankner School · Kelly Park School · Lake Como School · OCPS Academic Center For Excellence · Orlando ...Read more,https://ocps.smartsiteshost.com › ...,https://ocps.smartsiteshost.com/110642_3,ocps.smartsiteshost.com,
Orange County FL K-8 school,15,organic,Schools in Orange County Public Schools,"PK, K-5, 10, View Homes · Lockhart Middle School, public, 6-8, 8, View Homes · Maitland Middle School, public, 6-8, 15, View Homes · Cypress Park Elementary ...Read more",https://www.movoto.com › schools-district › orlando-fl,https://www.movoto.com/schools-district/orlando-fl/orange-county-public-schools-1201440/,movoto.com,
Orange County FL K-8 school,16,organic,"Schools-Public Orange County in Orlando, FL","It offers enrollment to more than 1,000 students in grades kindergarten to five. It offers an academic program that focuses on reading, language arts and math ...Read more",https://local.yahoo.com › ... › Florida › Orlando,https://local.yahoo.com/info-14121916-schoolspublic-orange-county-orlando/,local.yahoo.com,
Orange County FL academy elementary school,19,organic,Orange County Public Schools Youth Academy,"As a way to help with their social and emotional growth the students are able to go on field trips, listen to various guest speakers and volunteer in the ...Read more",https://netapps.ocfl.net › OCServes › Organization,https://netapps.ocfl.net/OCServes/Organization.aspx?oid=34,netapps.ocfl.net,
Orange County FL montessori elementary,22,organic,Montessori School Of Port Orange,"Montessori School Of Port Orange holds the top school rank, offering a teacher-student 1:15 ratio and admissions to top universities.",https://www.findingschool.com › montessori-school-of-...,https://www.findingschool.com/montessori-school-of-port-orange,findingschool.com,
Orange County FL montessori elementary,23,organic,"Preschool & Childcare Center Serving Orlando, FL","A private haven of authentic Montessori learning. A 2-acre campus where your child learns, plays & grows their way to a brilliant future.Read more",https://montessoriworldschool.com › Location,https://montessoriworldschool.com/location/orlando/,montessoriworldschool.com,
Orange County FL montessori elementary,24,organic,Montessori Global,"Dr Maria Montessori. CONTACT US. Main Campus -53 N Old Kings Rd, Ormond Beach, FL 32174, USA. ​. Nest- 55 N Old Kings Rd, Ormond Beach, FL 32174. admissions ...Read more",https://www.montessoriglobalri.com,https://www.montessoriglobalri.com/,montessoriglobalri.com,
Orange County FL montessori elementary,25,organic,"Amelia Island Montessori School | Fernandina Beach, FL","AIMS is an independent, non-profit school in Fernandina Beach, Florida, offering a private education true to the original teachings of Dr. Maria Montessori.",https://www.ameliaislandmontessori.com,https://www.ameliaislandmontessori.com/,ameliaislandmontessori.com,
Orange County FL montessori elementary,26,organic,Heritage Montessori: Top-Rated Montessori Preschool ...,"Highly-Rated Montessori preschool and daycare with locations in Huntington Beach, Lake Forest and Newport Mesa. Authentic early learning education programs.",https://www.heritagemontessori.com,https://www.heritagemontessori.com/,heritagemontessori.com,
Orange County FL montessori elementary,27,organic,Montessori Elementary School in Irvine,Explore the Elementary program at LePort Montessori Irvine Spectrum North that helps students build skills for school and life.,https://www.leportschools.com › ... › Programs,https://www.leportschools.com/preschools/ca/orange-county/irvine-spectrum-north/programs/elementary/,leportschools.com,
Orange County FL montessori elementary,28,organic,Learn About Orange County's Only Public School ...,"Springbrook Elementary School is home to Orange County and IUSD's only Elementary Montessori program, which serves students in grades 1-6.",https://iusd.org › article › learn-about-orange-countys-on...,https://iusd.org/article/learn-about-orange-countys-only-public-school-montessori-program,iusd.org,
Orange County FL montessori elementary,29,organic,Foothill Montessori School,Foothill Montessori School was established in 1973 with a vision to create a school based on authentic AMI (Association Montessori International) Montessori ...Read more,https://foothillmontessorischool.com,https://foothillmontessorischool.com/,foothillmontessorischool.com,
Orange County FL christian school elementary,31,organic,Search for Private Schools - School Detail for,School Name: Central Florida Christian Academy ; NCES School ID: A1901058 ; Physical Address: 700 Good Homes Rd ; County: Orange Schools in County ; Phone: (407) ...Read more,https://nces.ed.gov › surveys › pss › school_detail,https://nces.ed.gov/surveys/pss/privateschoolsearch/school_detail.asp?Search=1&Zip=34761&Miles=20&ID=A1901058,nces.ed.gov,
Orange County FL christian school elementary,32,organic,Circle Christian Schools: Home,"At Circle, we deliver quality faith-based learning with the university-hybrid model. Students build their own schedules from a range of core and elective ...Read more",https://circlechristianschool.org,https://circlechristianschool.org/,circlechristianschool.org,
Orange County FL christian school elementary,33,organic,"Lighthouse Christian School | Jacksonville, Florida","Lighthouse Christian School is a private Christian school in Florida's First Coast, with campuses in Duval, Clay and Nassau counties. Lighthouse Christian ...Read more",https://www.lighthousechristianschool.net,https://www.lighthousechristianschool.net/,lighthousechristianschool.net,
Orange County FL christian school elementary,35,organic,Grace Christian Academy – A Quality Christian Education,"Sports, Drama, Outdoor Fun & Games, Small Friendly Classrooms, And students from kindergarten through twelfth grade who treat each other like family.Read more",https://www.gcapatriots.com,https://www.gcapatriots.com/,gcapatriots.com,
Orange County FL christian school elementary,36,organic,Stoneybrooke Christian School - Private Christian School ...,"In partnership with parents, Stoneybrooke Christian School exists to provide a distinctive, biblically-based education in a nurturing environment through ...",https://www.stoneybrooke.com,https://www.stoneybrooke.com/,stoneybrooke.com,
Orange County FL christian school elementary,37,organic,Mount Dora Christian Academy: Home,"Mount Dora Christian Academy is proud to announce that its Elementary School has been officially recognized as a 2025 National Blue Ribbon School, one of only ...Read more",https://www.mdcacademy.org,https://www.mdcacademy.org/,mdcacademy.org,
Orange County FL private K-8 school,15,organic,Sunrise Academy: Private School | Florida,"Sunrise Academy is an innovative, independent, non-sectarian school. We cater to the unique needs of our learners so that they can flourish.Read more",https://www.sunriseacademy.education,https://www.sunriseacademy.education/,sunriseacademy.education,
Orlando FL academy elementary school,22,organic,Pine Castle Christian Academy | K-12 | 7101 Lake Ellenor ...,"Pine Castle Christian Academy is a Infants-12th grade accredited, private, Christian school that has been serving Central Florida since 1983!Read more",https://www.pinecastleeagles.org,https://www.pinecastleeagles.org/,pinecastleeagles.org,
Orlando FL academy elementary school,23,organic,Elementary School: Ages 5 – 10,"OTA's elementary school experience spans Kindergarten through 5th grade. We begin with a robust focus on Kria, Chumash, and middos.Read more",https://www.orlandotorah.com › academics › grade-school,https://www.orlandotorah.com/academics/grade-school,orlandotorah.com,
Orlando FL academy elementary school,26,organic,Charter School | Central Florida Leadership Academy | Orlando,Central Florida Leadership Academy (CFLA) is a college prep charter school for students in grades 6-12. Our mission is to develop civic leaders.Read more,https://www.cflacademy.org,https://www.cflacademy.org/,cflacademy.org,
Orlando FL academy elementary school,27,organic,Saints Academy Private School - Orlando,"Saints Academy Private School 3705 N. Apopka Vineland Rd. Orlando, FL 32818 Phone: 407-683-5537 Email: office@thesaintsacademy.comRead more",https://thesaintsacademy.com,https://thesaintsacademy.com/index.html,thesaintsacademy.com,
Orange County FL lower school,21,organic,Orange County School Board approves closing seven ...,The Orange County School Board has voted to close six elementary schools and one middle school largely due to under-enrollment.,https://www.cfpublic.org › education › orange-county-s...,https://www.cfpublic.org/education/2026-03-10/orange-county-school-board-approves-closing-seven-schools,cfpublic.org,
Orange County FL lower school,22,organic,Florida School Accountability Reports,Florida School Accountability Reports · Florida School Grades – 2025 · Florida School Improvement Ratings – 2025 · School Grades Calendars · Reports – 2025.Read more,https://www.fldoe.org › accountability › school-grades,https://www.fldoe.org/accountability/accountability-reporting/school-grades/,fldoe.org,
Orange County FL lower school,30,organic,School Directory Home,School ; ACCELERATION EAST. ERIN VACCHIO. 2274 S SEMORAN BLVD · 32822. 407-992-0917 ; ACCELERATION WEST. GEORGE MORSE. 2751 LAKE STANLEY RD · 32818. 407-521-2358.Read more,https://www.ocps.net › school-directory,https://www.ocps.net/school-directory,ocps.net,
Orange County FL elementary school,11,organic,Elementary Schools in Orange County,There are 133 public Elementary schools in Orange county. Which one your children may attend is determined on where you live.Read more,https://www.zfc.com › Schools › Orange,https://www.zfc.com/schools/Orange/Elementary/,zfc.com,
Orange County FL private school elementary,22,organic,Top Private Elementary Schools Near Me in Orange County,"Private elementary schools often feature smaller class sizes, allowing teachers to tailor lessons to each student's strengths and needs. This ...Read more",https://www.pacificacademycostamesa.org › post › top-...,https://www.pacificacademycostamesa.org/post/top-private-elementary-schools-near-me,pacificacademycostamesa.org,
Orange County FL preparatory school elementary,22,organic,ORANGE COUNTY PREPARATORY ACADEMY CHARTER,"ORANGE COUNTY PREPARATORY ACADEMY CHARTER is a mid-sized elementary in ORLANDO, Florida, serving grades KG–08 with 286 students.Read more",https://www.mahadevmaitri.org › florida › orange-fl › or...,https://www.mahadevmaitri.org/us/florida/orange-fl/orange-county-preparatory-academy-charter-orlando-fl,mahadevmaitri.org,
Orange County FL preparatory school elementary,26,organic,Oxford Preparatory Academy,"Oxford Preparatory Academy is a public charter school in south Orange County serving Lake Forest, Mission Viejo, Aliso Viejo, and surrounding cities.",https://www.opaschools.org,https://www.opaschools.org/,opaschools.org,
Orange County FL preparatory school elementary,28,organic,Search For Schools and Colleges - Department of Education,"Mi. Central Florida Preparatory School 1800 Marden Rd, Apopka, FL 32703 (407) 290-8073 - Orange County.Read more",https://nces.ed.gov › globallocator › PrivSchool=1,https://nces.ed.gov/globallocator/index.asp?search=1&State=FL&city=&zipcode=32714&miles=10&itemname=&sortby=name&School=1&PrivSchool=1&College=1&Status=Search+Finished&Records=312&CS=CF14CA9,nces.ed.gov,
Orange County FL preparatory school elementary,29,organic,Elementary School,"Orlando Christian Prep's elementary department consists of 1st-5th grade. At Orlando Christian Prep, we believe that every student can learn in an environment ...Read more",https://www.orlandochristianprep.org › academics › elem...,https://www.orlandochristianprep.org/academics/elementary-school.cfm,orlandochristianprep.org,
Orange County FL preparatory school elementary,30,organic,"Orange County Preparatory Academy Charter in Orlando, FL","It enrolls 305 students in grades 1st through 12th. Orange County Preparatory Academy Charter is the 2,073rd largest public elementary school in Florida and the ...Read more",https://elementaryschools.org › directory › fl › cities,https://elementaryschools.org/directory/fl/cities/orlando/orange-county-preparatory-academy-charter/120144008418/,elementaryschools.org,
Orange County FL charter school elementary,25,organic,Hope Charter School,"1550 East Crown Point Rd. Ocoee, FL 34761. Phone: 407.656.4673. Fax: 407.264.6960. © 2017 Hope Charter School Terms & Conditions | Privacy Policy.Read more",https://www.hopecharter.org,https://www.hopecharter.org/,hopecharter.org,
Orange County FL charter school elementary,29,organic,Charter Schools,Charter Schools. Charter Schools Home · Application Instructions · Charter School FAQs · Current List of Charter Schools · District Potential Applicant ...Read more,https://www.ocps.net › charter-schools,https://www.ocps.net/charter-schools,ocps.net,
Orange County FL lower school,32,organic,Right At School: Before and After School Enrichment,"A place to be a kid! ... Welcome to Right At School — your trusted partner for before & after school programs, camps, clubs and more, all on-site at your school.Read more",https://www.rightatschool.com,https://www.rightatschool.com/,rightatschool.com,
Orange County FL lower school,35,organic,"Private School Activities Orange County, FL","Located in Orange County, Florida, The Crenshaw Academy offers students from kindergarten through 12th grade opportunities to explore their interests, develop ...Read more",https://thecrenshawacademy.com › private-school-activiti...,https://thecrenshawacademy.com/private-school-activities-orange-county-fl,thecrenshawacademy.com,
Orange County FL lower school,38,organic,Driver Improvement Schools,All course providers electronically report all Florida Department of Highway Safety and Motor Vehicles (FLHSMV)-approved school completions to the FLHSMV.Read more,https://www.flhsmv.gov › ... › Education & Courses,https://www.flhsmv.gov/driver-licenses-id-cards/education-courses/driver-improvement-schools/,flhsmv.gov,
Orange County FL lower school,39,organic,Parents weigh in as Orange County Public Schools ...,Parents are weighing in as Orange County Public Schools considers closing seven schools due to low enrollment numbers and budget costs.Read more,https://www.cfpublic.org › education › parents-weigh-i...,https://www.cfpublic.org/education/2026-01-21/parents-weigh-in-as-orange-county-public-schools-considers-closing-7-schools,cfpublic.org,
Orange County FL christian school elementary,40,organic,"Tri-L Christian Academy in Orlando, FL","Tri-L Christian Academy is a private elementary school located in Orlando, FL and enrolls 74 students in grades Kindergarten through 8th. Tri-L Christian ...Read more",https://elementaryschools.org › directory › fl › cities › t...,https://elementaryschools.org/directory/fl/cities/orlando/tri-l-christian-academy/k9301333/,elementaryschools.org,
Orange County FL christian school elementary,41,organic,Central Christian Academy,"5503 N Hiawassee Rd Orlando, FL 32818; Monday thru Friday from 8:30 am - 3:30 ... Elementary · Middle School · High School · Specialty Classes. Copyright ...Read more",http://cca.education,http://cca.education/,cca.education,
Orange County FL christian school elementary,42,organic,Daytona Beach: Private Schools Faith Based,"Calvary Christian Academy is a Christian School based in beautiful Ormond Beach, FL that is committe ... ... 1835 Taylor Road, Port Orange, FL ...Read more",https://fun4daytonakids.com › Education-Childcare › Pri...,https://fun4daytonakids.com/Education-Childcare/Private-Schools-Faith-Based/,fun4daytonakids.com,
Orange County FL christian school elementary,43,organic,Welcome to Orange County Christian School | Pioneer ...,"Encouraging the development of each student, spiritually, intellectually, academically, physically, and socially, through education.",https://www.occs.org,https://www.occs.org/,occs.org,
Orange County FL christian school elementary,44,organic,Mariners Christian School – Building a Firm Foundation ...,"Rated the best Christian school in Orange County. MCS is a co-educational, independent Christian school located in Costa Mesa, California. Established in ...Read more",https://marinerschristianschool.com,https://marinerschristianschool.com/,marinerschristianschool.com,
Orange County FL christian school elementary,45,organic,"Orlando Christian Elementary School,Orange County FL","Find Programs Today: Orlando Christian elementary school, Orange County FL. Orlando Christian Prep (OCP) in Orlando in Orange County is an accredited ...",https://www.learn4good.com › ... › Florida › Orlando,https://www.learn4good.com/schools/orlandofl-christianelementary.htm,learn4good.com,
Orange County FL christian school elementary,46,organic,Newport Christian School - Orange County Private Christian ...,"Located in Newport Beach, California, Newport Christian School is TK - 11th Grade private school, preparing and challenging students for the world.",https://newportchristianschool.org,https://newportchristianschool.org/,newportchristianschool.org,
Orange County FL christian school elementary,47,organic,Summit Charter School | Abandoned Florda,"Central FL Christian School fire The ... By 2008, the school was deeply in debt and was audited by the Orange County school district.Read more",https://abandonedfl.com › summit-charter-school,https://abandonedfl.com/summit-charter-school/,abandonedfl.com,
Orange County FL christian school elementary,48,organic,Unity Christian Academy - Christian Education,Discover our comprehensive Christian programs at Unity Christian Academy. We provide a nurturing and faith-based education for your child's academic ...,https://unityca.org,https://unityca.org/,unityca.org,
Orange County FL montessori elementary,32,organic,Financial Aid,"While we are a tuition-based school, we aim to create a socioeconomically diverse community. Read on to learn about our Financial Aid program.",https://www.orlandomontessori.com › financial-aid,https://www.orlandomontessori.com/financial-aid,orlandomontessori.com,
Orange County FL montessori elementary,33,organic,"Best Montessori Schools in Orange County, CA",1. LePort Montessori Huntington Beach · 2. Hillside Montessori School · 3. Laguna Niguel Montessori Center · 4. Village Montessori School of Irvine · 5. Montessori ...Read more,https://jenniferimus.com › best-montessori-schools-orang...,https://jenniferimus.com/best-montessori-schools-orange-county/,jenniferimus.com,
Orange County FL montessori elementary,35,organic,Montessori Bilingual School in Orange County | Ages 2–12,"Authentic Montessori education with Japanese-English bilingual programs for toddlers to grade 6. Nurturing independence, curiosity & cultural understanding.",https://monteintel.org,https://monteintel.org/,monteintel.org,
Orange County FL montessori elementary,36,organic,Innovation Montessori Ocoee,"The school offers a tuition-based casa program for children between two and a half and four years old, with a mission to provide a strong Montessori foundation.Read more",https://www.causeiq.com › Directory › Florida › Ocoee,"https://www.causeiq.com/organizations/west-orange-montessori-charter-school,900658753/",causeiq.com,
Orange County FL montessori elementary,37,organic,Montessori Institute of Broward: Bilingual Preschool located in ...,A 2.28 acre facility specifically designed to serve as the perfect learning environment for English and Spanish-speaking children ages 2 through 10.Read more,https://montessoriinstituteofbroward.com,https://montessoriinstituteofbroward.com/,montessoriinstituteofbroward.com,
Orange County FL montessori elementary,38,organic,Montessori School Locations Orange County,"Heritage Montessori's locations in Huntington Beach, Lake Forest and Newport Mesa across Orange County. Highly-rated and well regarded preschool & daycare ...",https://www.heritagemontessori.com › our-locations,https://www.heritagemontessori.com/our-locations/,heritagemontessori.com,
Orange County FL montessori elementary,39,organic,Alpha School: AI Powered Private School,"A school where kids crush academics in 2 hours, build life skills through workshops, and thrive beyond the classroom.Read more",https://alpha.school,https://alpha.school/,alpha.school,
Orange County FL montessori elementary,40,organic,"Montessori World School in Orlando, FL United States","View details about Montessori World School in Orlando, FL United States on Apple Maps. Address, driving directions, images, nearby attractions and more.",https://maps.apple.com › place,https://maps.apple.com/place?place-id=I660FC146AB3E2CC5,maps.apple.com,
Orange County FL academy elementary school,29,organic,Orange County Educational Arts Academy,"OCEAA – a TK-8th Santa Ana charter school. a dual immersion charter school in Santa Ana. address 825 N. Broadway, Santa Ana, CA 92701. Phone 714-558-2787.Read more",https://oceaa.org,https://oceaa.org/,oceaa.org,
Orlando FL lower school,11,organic,Lower School | K4-6,"At Orangewood, our lower school team is excited to work in partnership with you to equip your children to transform the world for Christ and His kingdom.Read more",https://www.orangewoodchristian.org › academics › lo...,https://www.orangewoodchristian.org/academics/lowerschool,orangewoodchristian.org,
Orlando FL lower school,19,organic,Premier Private Christian School in Downtown Orlando,"The Christ School offers a K-8 program with an individualized, Christ-centered educational experience in Downtown Orlando, Florida.",https://www.thechristschool.org,https://www.thechristschool.org/,thechristschool.org,
Orlando FL academy elementary school,34,organic,"Montverde Academy | Excellence in Education, Athletics ...","Montverde Academy is a college preparatory school that inspires students to become leaders with a passion for knowledge, global vision, and innovation.Read more",https://www.montverde.org,https://www.montverde.org/,montverde.org,
Orlando FL academy elementary school,39,organic,"Find the Best Elementary Schools in Orlando, FL - Winnie","The First Academy, located at 2667 Bruton Blvd in Orlando, FL, is a premier private Christian school serving students from preschool to ...Read more",https://winnie.com › ... › Florida › Orlando,https://winnie.com/orlando/elementary-schools,winnie.com,
Orange County FL K-8 school,21,organic,Audubon Park School - Home - Orange County Public Schools,"Have a great week! Principal Fritz. Audubon Park School K-8. jason.fritz@ocps.net. Audubon Park School Principal. UPCOMING EVENTS. 4/8: Track Meet at APS, 4: ...Read more",https://audubonparkk8.ocps.net,https://audubonparkk8.ocps.net/,audubonparkk8.ocps.net,
Orange County FL K-8 school,30,organic,"The School District of Osceola County, Florida - Home",High Schools · Middle Schools · Elementary Schools · K-8 Schools · Adult Education · Virtual Schools · Alternative Education · Special Education.Read more,https://www.osceolaschools.net,https://www.osceolaschools.net/,osceolaschools.net,
Orange County FL elementary school,23,organic,Elementary Schools,Elementary Schools · Anaheim Hills Elementary School · California iInspire Academy · Cambridge Elementary School · Canyon Rim Elementary School · Chapman Hills ...Read more,https://www.orangeusd.org › our-schools › elementary,https://www.orangeusd.org/our-schools/elementary,orangeusd.org,
Orlando FL academy elementary school,41,organic,"Daycare & Preschool in Orlando, FL 32810",We proudly serve the families of the Orlando/Altamonte Springs/Maitland/Apopka areas and service Riverside Elementary School. Our daycare provides an ...Read more,https://www.lapetite.com › your-local-school › orlando-f...,https://www.lapetite.com/your-local-school/orlando-fl-7496/,lapetite.com,
Orlando FL academy elementary school,42,organic,Welcome,"When my wife and I moved our family to Orlando several years ago, we found a great school in The First Academy. ... Orlando, FL 32805. Directions. Connect.Read more",https://thefirstacademy.org › About,https://thefirstacademy.org/about/welcome/,thefirstacademy.org,
Orlando FL academy elementary school,45,organic,OCPS Academic Center For Excellence - Home,"Address: 701 W Livingston Street, Orlando, FL 32805. Phone: 407-866-1280. Principal: Natasha Pender. Mascot: Lion. Colors: Purple & Gold. School Hours: 7:30 ...Read more",https://ocpsace.ocps.net,https://ocpsace.ocps.net/,ocpsace.ocps.net,
Orlando FL academy elementary school,46,organic,Search For Schools and Colleges - Department of Education,"Central Florida Leadership Academy Charter 427 N Primrose Dr, Orlando, FL 32803 (407) 480-2352 - Orange County. 6 - 12. Chain Of Lakes MiddleRead more",https://nces.ed.gov › globallocator › PrivSchool=1,https://nces.ed.gov/globallocator/index.asp?search=1&State=FL&city=Orlando&zipcode=&miles=&itemname=&sortby=name&School=1&PrivSchool=1&College=1&CS=8F34CFCD,nces.ed.gov,
Orange County FL lower school,41,organic,"Top Private Christian High School in Orlando, FL","Discover exceptional college prep, award-winning arts and athletics, and more at The First Academy. Rated a Best Christian High School in Orange County.",https://thefirstacademy.org › Academics,https://thefirstacademy.org/academics/upper/,thefirstacademy.org,
Orange County FL lower school,42,organic,Florida Private School Scholarships,Education is not one-size-fits-all. Explore private school scholarship options in Florida with Step Up For Students.,https://www.stepupforstudents.org › Scholarships,https://www.stepupforstudents.org/scholarships/private-school/,stepupforstudents.org,
Orange County FL lower school,44,organic,"Progressive Education in Orange County, FL","Welcome to The Crenshaw Academy, a progressive private school in Orange County, FL, dedicated to empowering students through alternative education methods ...Read more",https://thecrenshawacademy.com › progressive-education...,https://thecrenshawacademy.com/progressive-education-in-orange-county-fl-modern-student-centered-approach,thecrenshawacademy.com,
Orange County FL lower school,47,organic,"Orange County Public Schools, Florida, elections (2024)","Four seats on the Orange County Public Schools school board in Florida were up for primary election on August 20, 2024.Read more",https://ballotpedia.org › Orange_County_Public_Schools...,"https://ballotpedia.org/Orange_County_Public_Schools,_Florida,_elections_(2024)",ballotpedia.org,
Orange County FL lower school,49,organic,Roger Chapin - District 3 - City of Orlando,"... School Playground and Ballfields · City of Orlando Park Rules · Reserve ... Orange Avenue Orlando, Florida 32801 407.246.2121. Monday - Friday 8 a.m. to ...Read more",https://www.orlando.gov › Mayor-City-Council › Roge...,https://www.orlando.gov/Our-Government/Mayor-City-Council/Roger-Chapin,orlando.gov,
Orange County FL preparatory school elementary,32,organic,Private Elementary School Orlando | Central Florida Prep ...,"Private elementary school in Orlando for grades 1-5. Small classes, STEM, farm-to-table culinary arts, and performing arts at Central Florida Prep.",https://cfprep.org › Academics,https://cfprep.org/academics/elementary,cfprep.org,
Orange County FL preparatory school elementary,33,organic,Lovell Elementary - Home - Orange County Public Schools,"We empower students with a superior academic experience, essential life skills, and boundless opportunities.Read more",https://lovelles.ocps.net,https://lovelles.ocps.net/,lovelles.ocps.net,
Orange County FL preparatory school elementary,35,organic,Lake Mary Prep: Top-Rated Private School in Orlando (Lake ...,"Lake Mary Preparatory School was founded in 1999 and continues to be one of the top co-educational, private, international prep schools in Seminole County.Read more",https://www.lakemaryprep.com,https://www.lakemaryprep.com/,lakemaryprep.com,
Orange County FL montessori elementary,42,organic,montessorifl.com,Notice: Function _load_textdomain_just_in_time was called incorrectly. Translation loading for the simple-lightbox domain was triggered too early.Read more,https://www.montessorifl.com,https://www.montessorifl.com/,montessorifl.com,
Orange County FL montessori elementary,44,organic,Driving directions to Montessori School-Port Orange ...,"3749 S Nova Rd, Port Orange, FL 32129, USA. (386) 788-1088. People also search for. Directions to Montessori School-Port Orange, Port Orange ...Read more",https://www.waze.com › live-map › directions › fl › mo...,https://www.waze.com/live-map/directions/us/fl/port-orange/montessori-school-port-orange?to=place.ChIJp1fxaxPY5ogR9ssQbt9l3iU,waze.com,
Orange County FL montessori elementary,46,organic,Home - Lakeland Montessori Schoolhouse | Lakeland ...,"Lakeland Montessori Schools are approved Polk County Charter Schools serving children age three through eighth grade in Lakeland, FL.",https://lakelandmontessori.com,https://lakelandmontessori.com/,lakelandmontessori.com,
Orange County FL montessori elementary,47,organic,"Top 10 Montessori Schools in Orange, CA","We have 60 Montessori schools in Orange, CA! Compare and find the best Montessori school to fit your needs. ​. Start ...Read more",https://www.care.com › ... › Montessori Schools › CA,https://www.care.com/montessori-school/orange-ca,care.com,
Orange County FL montessori elementary,48,organic,Elementary School,It is not unusual in the Montessori classroom to observe students working independently on what in a traditional environment would be considered higher-level ...Read more,https://montessori-academy.org › Academics,https://montessori-academy.org/academics/elementary-school/,montessori-academy.org,
Orange County FL montessori elementary,49,organic,John E. Ford PreK-8 English/Spanish Montessori School,... FL 32209904-630-6540Hours: 8:30 AM - 3:00 PM. TDD/TTY: Dial 711 · FortifyFL ... Duval County Public Schools is an equal opportunity school district. DCPS ...Read more,https://www.duvalschools.org › johneford,https://www.duvalschools.org/johneford,duvalschools.org,
Orange County FL montessori elementary,50,organic,Royal Palm Montessori Academy | toddler preschool | 12532 ...,"Royal Palm is a Montessori Preschool located in West Boca Raton boasting huge, clean individual classrooms and a highly educated long term staff devoted to ...",https://www.rpmontessori.com,https://www.rpmontessori.com/,rpmontessori.com,
Orange County FL academy elementary school,31,organic,FLVS - Florida Virtual School | Grades K-12 Online,"We offer a wide variety of online courses for Kindergarten–12th grade that are tailored to student needs. With year-round, 24/7 access, students complete ...Read more",https://flvs.net,https://flvs.net/,flvs.net,
Orange County FL academy elementary school,33,organic,Orange Unified School District: Home,Board of Education Agendas · Staff Portal · Student/Parent Portal · MyOUSD Dashboard · Finalsite · Search · About Us · Explore OUSD · Calendars.Read more,https://www.orangeusd.org,https://www.orangeusd.org/,orangeusd.org,
Orange County FL academy elementary school,36,organic,Alpha Orange County | K-8 Private School in Lake Forest ...,"Experience Alpha School's AI-powered, personalized learning at the Lake Forest campus for K - 8th grades. Build real-world skills for your child's future.",https://alpha.school › orange-county,https://alpha.school/orange-county/,alpha.school,
Orange County FL academy elementary school,38,organic,Florida Department of Education Home,"Welcome to the Florida Department of Education's website. Every day we work hand in hand with parents, teachers, educators and community members.Read more",https://www.fldoe.org,https://www.fldoe.org/,fldoe.org,
Orange County FL academy elementary school,39,organic,Learning Program of Orange County,"Staffed with credentialed teachers supported by interns and volunteers, ASA I is for students in 3rd through 6th grade and ASA II is for students in 9th grade ...Read more",https://www.dsfoc.org › learning-program-orange-county,https://www.dsfoc.org/learning-program-orange-county/,dsfoc.org,
Orange County FL private school elementary,31,organic,Bridge to Independence Private School,"Discover the top private middle school programs at Bridge To Independence, Inc. offering personalized education and extracurricular activities.",https://btischool.com,https://btischool.com/,btischool.com,
Orange County FL private school elementary,32,organic,The Geneva School: Christian School in Orange County,"The Geneva School offers a distinctly classical Christian K-9 education, teaching all subjects from a Christian worldview.Read more",https://www.genevaschooloc.org,https://www.genevaschooloc.org/,genevaschooloc.org,
Orange County FL private school elementary,33,organic,Sage Hill School | Premier 7-12 Independent School in ...,"Sage Hill School offers a bright, motivated and diverse student body in grades 7-12 a unique journey of discovery.Read more",https://www.sagehillschool.org,https://www.sagehillschool.org/,sagehillschool.org,
Orange County FL private school elementary,34,organic,pcaknights.org - Home,"At Pinewood Christian Academy we prioritize academic excellence across all subjects, and teach literacy essentials and IEW! Looking for more specific ...Read more",https://www.pcaknights.org,https://www.pcaknights.org/,pcaknights.org,
Orange County FL private school elementary,38,organic,WISE Private School,"W.I.S.E Private School is located in Port Orange, Florida, in Volusia County, South of Daytona Beach. W.I.S.E Private School, chartered March 3, 1983, ...Read more",https://wiseprivateschool.org,https://wiseprivateschool.org/,wiseprivateschool.org,
Orange County FL private school elementary,39,organic,Seven Bridges School - Orange Park Florida - Seven Bridges ...,Why Seven Bridges School? Seven Bridges School is a unique-concept private school of students in grades K through 12.Read more,https://sevenbridgesschool.org,https://sevenbridgesschool.org/,sevenbridgesschool.org,
Orange County FL private school elementary,40,organic,Voted Best Single-campus private school in 2024 by ...,"Oakridge Private School, a Judeo Christian school in Orange County. Offering preschool TK-8 education with a focus on biblical values and academic ...",https://www.oakridgeschool.org,https://www.oakridgeschool.org/,oakridgeschool.org,
Orange County FL charter school elementary,36,organic,Seminole County Public Schools - Home,"The mission of Seminole County Public Schools is to ensure that all students acquire the knowledge, skills, and attitudes to be productive citizens.Read more",https://www.scps.k12.fl.us,https://www.scps.k12.fl.us/,scps.k12.fl.us,
Orange County FL charter school elementary,38,organic,Orlando Science Charter School East Campus - Home,"Enrolling for 2026-2027! The lottery for the 2026–2027 school year is now complete, and we are thrilled to welcome our newest students to our community!Read more",https://east.orlandoscience.org,https://east.orlandoscience.org/,east.orlandoscience.org,
Orange County FL charter school elementary,39,organic,Success Academy: Public Charter Schools NYC | K-12,We're thrilled to announce that we are expanding to Florida in 2027. We are bringing our proven model of academic excellence and joyful learning ...Read more,https://www.successacademies.org,https://www.successacademies.org/,successacademies.org,
Orange County FL charter school elementary,40,organic,Connections Academy®: Online Public School for K-12 Students,"Connections Academy is a tuition-free, accredited K–12 online public school. Explore how students thrive with personalized, at-home learning by clicking ...",https://www.connectionsacademy.com,https://www.connectionsacademy.com/,connectionsacademy.com,
Orlando FL lower school,21,organic,Holy Cross Lutheran Academy | Christian School PK - 12th ...,"Come for Preschool stay through High School. Christian School in Seminole County, Florida. Preschool and K-12 School. Tuition is 20 - 30% less than most ...",https://thehcla.org,https://thehcla.org/,thehcla.org,
Orlando FL lower school,25,organic,Orlando Elementary School,"Crenshaw offers a nurturing, safe environment and a distinct, sequenced program specifically designed to meet the needs of its Lower School students.",https://thecrenshawacademy.com › orlando-elementary-s...,https://thecrenshawacademy.com/orlando-elementary-school,thecrenshawacademy.com,
Orlando FL lower school,27,organic,Ecclesial Schools,"We seek to open the doors to the private Christian school, putting high-quality education within reach of every family.Read more",https://www.esischools.org,https://www.esischools.org/,esischools.org,
Orange County FL preparatory school elementary,41,organic,Osceola Christian Preparatory School,"At Christian Preparatory Schools, your child's education is our top priority. Contact us to learn more about our Christian private school in Kissimmee, FL.",https://christianprepschools.com › osceola-christian-pre...,https://christianprepschools.com/osceola-christian-preparatory-school/,christianprepschools.com,
Orange County FL preparatory school elementary,42,organic,Home - Scholarship Prep Orange County Public Charter School,"Home - Explore Scholarship Prep in Santa Ana: A free TK-8 school blending academics, arts, & athletics in a university-inspired, nurturing elementary ...",https://santa-ana.scholarshipschools.org,https://santa-ana.scholarshipschools.org/,santa-ana.scholarshipschools.org,
Orange County FL preparatory school elementary,46,organic,Step Up For Students: Scholarships For PreK-12 In Florida,Step Up For Students offers tailored scholarships for Florida's PreK-12 students. Start your child's academic journey today.,https://www.stepupforstudents.org,https://www.stepupforstudents.org/,stepupforstudents.org,
Orange County FL preparatory school elementary,47,organic,Charter Schools USA,Find Your School ... We have over 100 campuses across 4 states. North Carolina South Carolina Florida Louisiana. Careers. We are always looking for teachers and ...Read more,https://www.charterschoolsusa.com,https://www.charterschoolsusa.com/,charterschoolsusa.com,
Orange County FL preparatory school elementary,48,organic,"Fairmont Schools: Best Private School Orange County, CA","Discover Fairmont Private Schools, a leading group of campuses offering strong academics and student support. Explore programs and find the right fit.",https://www.fairmontschools.com,https://www.fairmontschools.com/,fairmontschools.com,
Orange County FL elementary school,30,organic,Search For Schools and Colleges,"Apopka Elementary 311 Vick Rd, Apopka, FL 32712 (407) 884-2200 - Orange County ; Apopka High 555 W Martin St, Apopka, FL 32712 (407) 905-5500 - Orange County.",https://nces.ed.gov › globallocator › State=FL › School=1,https://nces.ed.gov/globallocator/index.asp?search=1&State=FL&city=Apopka&zipcode=&miles=&itemname=&School=1,nces.ed.gov,
Orange County FL elementary school,31,organic,Public Access,ORANGE CENTER ELEMENTARY (1331). CSI. Raise. Title1 · ORANGE COUNTY BOOT CAMP (8004) · ORANGE COUNTY PREPARATORY ACADEMY CHARTER (0206) · ORANGE DISTRICT OFFICE ...Read more,https://cims2.floridacims.org › public_access,https://cims2.floridacims.org/public_access/48,cims2.floridacims.org,
Orange County FL elementary school,33,organic,Substitute Jobs | Orange County Public Schools,Kelly Education is accepting applications for new substitute teachers or paraprofessionals at Orange County Public Schools.Read more,https://www.mykelly.com › local-jobs › substitute-jobs-...,https://www.mykelly.com/local-jobs/substitute-jobs-orange-county-public-schools/,mykelly.com,
Orange County FL elementary school,36,organic,Monthly School Menus & Pricing,2021 Sawgrass Lake Elementary School · 2021 Shore Acres Elementary School · 2022 Coachman Service Center · 2022 Orange Grove Elementary School · 2022 St.,https://www.pcsb.org › departments › food-and-nutrition,https://www.pcsb.org/departments/facilities-and-operations/food-and-nutrition/monthly-school-menus-pricing,pcsb.org,
Orange County FL elementary school,38,organic,EDJOIN - The Nation's #1 Education Job Board,"EDJOIN is the leading educational job site in the United States, offering a wide range of job opportunities in the education sector.Read more",https://www.edjoin.org,https://www.edjoin.org/,edjoin.org,
Orange County FL K-8 school,32,organic,School Choice,The mission of the Office of K-12 School Choice is to support quality public and private educational choice programs by providing information and assistance.Read more,https://www.fldoe.org › schools › school-choice,https://www.fldoe.org/schools/school-choice/,fldoe.org,
Orange County FL K-8 school,39,organic,Immunizations - Florida Department of Health,Information about childhood immunization requirements for school attendance and vaccine exemptions. Immunization Records. Immunization records are usually ...Read more,https://www.floridahealth.gov › immunization,https://www.floridahealth.gov/individual-family-health/immunization/,floridahealth.gov,
Orange County FL academy elementary school,40,organic,Mayor's Citizens Academy,"The Mayor's Citizen Academy is a dynamic 9-week program that gives you an interactive, first-hand look into your local government.",https://www.orangecountyfl.net › Mayor › MayorsCitize...,https://www.orangecountyfl.net/BoardofCommissioners/Mayor/MayorsCitizensAcademy.aspx,orangecountyfl.net,
Orange County FL academy elementary school,42,organic,"Behavior-Based Education | Arts-Based Learning | Orlando, FL","CAMEN Academy uses the performing arts to help neurodiverse students thrive through creative structure, individualized methods, and behavior-based ...",https://www.camenacademy.com,https://www.camenacademy.com/,camenacademy.com,
Orange County FL academy elementary school,43,organic,Olympus Academy,Our Curriculum. Our thoughtfully crafted curriculum not only aligns with Florida's rigorous academic standards but also incorporates the innovative principles ...Read more,https://www.olympuscharterschool.org,https://www.olympuscharterschool.org/,olympuscharterschool.org,
Orange County FL academy elementary school,44,organic,parent academy,"Contact. (407) 317-3200. Orange County Public Schools - 445 W Amelia St., Orlando, FL 32801 - (407) 317-3323 ... School. Searchable Dropdown more. Keyword ...Read more",https://ocps.samaritan.com › custom › organization_details,https://ocps.samaritan.com/custom/503/organization_details/1759,ocps.samaritan.com,
Orange County FL academy elementary school,45,organic,Premier Academy: Home,"Celebrating over 30 years, Premier Academy is a private school offering Toddler, Preschool, Kindergarten, First Grade and Summer Camp programs.",https://premieracademyschools.com,https://premieracademyschools.com/,premieracademyschools.com,
Orange County FL private school elementary,41,organic,Center Academy | Special Education Schools in Florida,"Center Academy School are accredited special education schools near you in Florida for special needs students, ADHD disorders, dyslexia, ...",https://centeracademy.com,https://centeracademy.com/,centeracademy.com,
Orange County FL private school elementary,43,organic,St. Johns Christian School - Private Christian School,"Welcome to St. Johns Christian School, a leading private Christian school K-12 dedicated to academic excellence and spiritual growth.",https://sjcsfl.org,https://sjcsfl.org/,sjcsfl.org,
Orange County FL private school elementary,45,organic,"Port Orange, FL | 386-855-8982 - Private Schools","Discover Garden of Faith Preschool and School of Arts, a premier private school in Port Orange, FL, offering a nurturing environment for your child's growth ...",https://www.gardenfaithpreschool.com › private-schools,https://www.gardenfaithpreschool.com/private-schools/port-orange-fl,gardenfaithpreschool.com,
Orange County FL private school elementary,47,organic,Orange County Charter Schools Directory,​ Anaheim Elementary School District. Vibrant Minds Charter School (TK-6) ... Independent Study​​​. ​Capistrano Unified School District. Community Roots ...,https://ocde.us › glcp › CharterSchools › Pages › Charter...,https://ocde.us/glcp/CharterSchools/Pages/Charter-Schools-Directory.aspx,ocde.us,
Orange County FL private school elementary,48,organic,The Pegasus School: Home,California Association of Independent Schools Accrediting Commission for Schools NAIS: National Association of Independent Schools National Board of ...Read more,https://www.thepegasusschool.org,https://www.thepegasusschool.org/,thepegasusschool.org,
Orange County FL private school elementary,49,organic,Community Leadership Academy | Private Christian School,"Offering Pre-K through 12th grade, we are a private Christian school in Tallahassee, FL with a vision to develop the next generation of godly leaders.",https://clatallahassee.org,https://clatallahassee.org/,clatallahassee.org,
Orange County FL private school elementary,50,organic,Holy Family Catholic School - Orange,"For over 70 years, HFCS has enabled students to be successful, spiritual, and well rounded individuals. Apply Today! It's a great day to be a Spartan!",https://www.holyfamilyk8.org,https://www.holyfamilyk8.org/,holyfamilyk8.org,
Orlando FL lower school,33,organic,"School With Small Class Sizes Orlando, FL",We invite you to reach out and discover how our commitment to small class sizes can help your student excel academically and personally at Pluris Academy.,https://plurisacademy.com › school-with-small-class-sizes...,https://plurisacademy.com/school-with-small-class-sizes-orlando-fl,plurisacademy.com,
Orlando FL lower school,40,organic,KIPP Public Charter Schools | College Preparatory Schools,"KIPP is a national network of public charter schools educating early childhood, elementary, middle, and high school students.",https://www.kipp.org,https://www.kipp.org/,kipp.org,
Orange County FL elementary school,39,organic,Schools in Orange County County,"Schools in Orange County County ; Castle Creek Elementary, Orange, 1245 North Avalon Park Blvd, Orlando, 4072077428 ; Catalina Elementary, Orange, 2448 29th St, ...Read more",https://liko.in › usa-counties › orange-county-fl,https://liko.in/usa-counties/orange-county-fl,liko.in,
Orange County FL elementary school,41,organic,Showcase - Orange County School District,Schools · A.L. Stanback Middle School · Cedar Ridge High School · Central Elementary School · Efland-Cheeks Global Elementary School · Grady A. Brown Elementary ...Read more,https://www.orangecountyfirst.com › showcase,https://www.orangecountyfirst.com/showcase,orangecountyfirst.com,
Orange County FL elementary school,43,organic,Elementary Schools,Westward Elementary · Whispering Pines Elementary · Wynnebrook Elementary. To Top. Visit Us. 3300 Forest Hill Boulevard. West Palm Beach. FL. 33406. Get ...Read more,https://www.palmbeachschools.org › schools › elementa...,https://www.palmbeachschools.org/schools/elementary-schools,palmbeachschools.org,
Orange County FL elementary school,44,organic,Elementary Schools,"As such, Clay County offers several School Choice options at the elementary ... See Orange Park Elementary school website for application information.Read more",https://www.oneclay.net › page › elementary-schools,https://www.oneclay.net/page/elementary-schools,oneclay.net,
Orange County FL elementary school,46,organic,Orange County Public Schools,"Get more information for Orange County Public Schools in Orlando, FL. See ... Stone Lake Elementary School. Catholic elementary and secondary schools.Read more",https://www.mapquest.com › ... › Florida › Orlando,https://www.mapquest.com/us/florida/orange-county-public-schools-444612486,mapquest.com,
Orange County FL elementary school,47,organic,"List of Schools in Orange County School District – Orlando, FL",Schools · 2-M-E-1 · 31-E-W-4 · Acceleration Academy · Addictions Receiving Facility · Adolescent Substance Abuse Program · Aloma Elementary School · Amikids Orlando.Read more,https://www.schoolcalendars.org › florida › schools,https://www.schoolcalendars.org/florida/orange-county-school-district-916151/schools/,schoolcalendars.org,
Orange County FL charter school elementary,41,organic,Access Charter School: Home,Access Charter School is a 6 – 12 grade exceptional education program designed to meet the needs of students diagnosed with Autism Spectrum Disorder.Read more,https://www.accesscharterschool.org,https://www.accesscharterschool.org/,accesscharterschool.org,
Orange County FL charter school elementary,43,organic,The Villages Charter School,"The Villages Charter School (TVCS) opened in August, 2000 and is one of the most successful public charter schools in Florida.",https://www.tvcs.org,https://www.tvcs.org/,tvcs.org,
Orange County FL charter school elementary,49,organic,"The School District of Osceola County, Florida - Charter ...",Charter schools are public schools that operate under a performance contract or a “charter” with the freedom from many regulations that govern district schools.Read more,https://www.osceolaschools.net › ...,https://www.osceolaschools.net/23107_4,osceolaschools.net,
Orange County FL private K-8 school,30,organic,Moreland's Alternative Educational Academy K-12,"The mission of MAEA is to assist students in grades K-12 in achieving their highest academic potential through creative, individual, flexible and structured ...Read more",https://www.morelandsacademy.com,https://www.morelandsacademy.com/,morelandsacademy.com,
Orange County FL private K-8 school,34,organic,Search for Private Schools - Search Results,"lake rose christian academy 4340 N Hiawassee Rd, Orlando, FL 32818. (407) 434-9988. Orange. 77. KG-12. 78. leaders preparatory school 1021 N Goldenrod Rd, ...Read more",https://nces.ed.gov › privateschoolsearch › school_list,https://nces.ed.gov/surveys/pss/privateschoolsearch/school_list.asp?Search=1&State=12&County=Orange&ID=BB180729&SchoolPageNum=6,nces.ed.gov,
Orlando FL lower school,41,organic,"Secular Private School Orlando, FL","With student-teacher ratios of 12:1 in our Lower School and 15:1 in our Middle and High Schools, we provide individualized attention that helps each student ...Read more",https://thecrenshawacademy.com › secular-private-school...,https://thecrenshawacademy.com/secular-private-school-orlando-fl,thecrenshawacademy.com,
Orlando FL lower school,42,organic,Lower School Student Life,"See Why We're Central Florida's #1 Private Christian School. Request Information · Schedule a Tour · Apply Now. Visit Us. 2667 Bruton Blvd. Orlando, FL 32805.Read more",https://thefirstacademy.org › Student Life,https://thefirstacademy.org/student-life/lower-school-student-life/,thefirstacademy.org,
Orlando FL lower school,43,organic,Transfer Students | UCF Undergraduate Admissions,"High school transcripts are not required for transfers with an awarded A.A. degree from a Florida public community college, state college or university if ...Read more",https://www.ucf.edu › admissions › transfer,https://www.ucf.edu/admissions/undergraduate/transfer/,ucf.edu,
Orlando FL lower school,46,organic,Nova Southeastern University,NSU Florida Logo. QUICK LINKS. Canvas · SharkLink · Abraham S. Fischler College of Education and School of Criminal Justice · Barry and Judy Silverman College ...Read more,https://www.nova.edu,https://www.nova.edu/index.html,nova.edu,
Orlando FL lower school,50,organic,Academics,Upper School solving math problems on a window. Lower School students smiling in a classroom. PreK - 6th ...Read more,https://www.lhprep.org › academics,https://www.lhprep.org/academics,lhprep.org,
Orange County FL private K-8 school,44,organic,American Heritage Schools: #1 Private K-12 School in Florida,"American Heritage Schools is an innovative leader in private education, providing academic excellence and unparalleled college prep for Pre-K3 to 12th ...",https://www.ahschool.com,https://www.ahschool.com/,ahschool.com,
Orange County FL K-8 school,44,organic,Controlled Open Enrollment (COE),"wards creek Elementary. Available Seats. 251. Webster Elementary. Available Seats. 360. K-8 Academies ... 40 Orange St, St Augustine Fl, 32084. Physical: 47 ...Read more",https://www.stjohns.k12.fl.us › coe,https://www.stjohns.k12.fl.us/coe/,stjohns.k12.fl.us,
Orange County FL K-8 school,45,organic,Early Learning Coalition of Orange County,Florida's School Readiness program provides eligible families financial assistance to enroll their children in quality child care and early learning programs.Read more,https://elcoforangecounty.org,https://elcoforangecounty.org/,elcoforangecounty.org,
Orange County FL K-8 school,49,organic,Home | Clay County District Schools,"GREEN COVE SPRINGS, FL – Clay County District Schools is proud to ... At Orange Park Elementary, academic lessons are taking on a deeper meaning ...Read more",https://www.oneclay.net,https://www.oneclay.net/,oneclay.net,
