campaign.resource_name,campaign.name,campaign.id,metrics.clicks,metrics.conversions,metrics.cost_micros,metrics.ctr,metrics.average_cpc,metrics.impressions,segments.date,expanded_landing_page_view.resource_name,expanded_landing_page_view.expanded_final_url
customers/3123559470/campaigns/23652899436,Event Venue Orlando,23652899436,55,0.0,13939244,0.09417808219178082,253440.8,584,2026-03-22,customers/3123559470/expandedLandingPageViews/11156159984734890680,https://orlandoeventvenue.org?gad_source=5&gad_campaignid=23662974871
customers/3123559470/campaigns/23652899436,Event Venue Orlando,23652899436,14,0.0,5178637,0.04912280701754386,369902.64285714284,285,2026-03-21,customers/3123559470/expandedLandingPageViews/11156159984734890680,https://orlandoeventvenue.org?gad_source=5&gad_campaignid=23662974871
customers/3123559470/campaigns/23652899436,Event Venue Orlando,23652899436,7,0.0,2271200,0.02356902356902357,324457.14285714284,297,2026-03-17,customers/3123559470/expandedLandingPageViews/12820257438871293888,https://orlandoeventvenue.org
customers/3123559470/campaigns/23652899436,Event Venue Orlando,23652899436,7,0.0,11624865,0.06306306306306306,1660695.0,111,2026-03-18,customers/3123559470/expandedLandingPageViews/10957433931623812002,https://orlandoeventvenue.org?gad_source=1&gad_campaignid=23662973023&gbraid=0AAAABDHTQEox8GALvox84gmPb5UPDut4S
customers/3123559470/campaigns/23652899436,Event Venue Orlando,23652899436,6,0.0,9991768,0.07058823529411765,1665294.6666666667,85,2026-03-17,customers/3123559470/expandedLandingPageViews/10139412092448745950,https://orlandoeventvenue.org?gad_source=1&gad_campaignid=23662973023&gbraid=0AAAABDHTQEpxHIgm1_8mCkARISUGCcc02
customers/3123559470/campaigns/23652899436,Event Venue Orlando,23652899436,6,0.0,7324973,0.13043478260869565,1220828.8333333333,46,2026-03-20,customers/3123559470/expandedLandingPageViews/2627309343731115691,https://orlandoeventvenue.org?gad_source=1&gad_campaignid=23662973023&gbraid=0AAAABDHTQEoacYiwSNfIGMgVfuWCu0Mok
customers/3123559470/campaigns/23652899436,Event Venue Orlando,23652899436,5,0.0,8090000,0.29411764705882354,1618000.0,17,2026-03-18,customers/3123559470/expandedLandingPageViews/14768428442231800212,https://orlandoeventvenue.org?gad_source=1&gad_campaignid=23662973023&gbraid=0AAAABDHTQEqEom0Q5zYaLCcPghHcZ99iB
customers/3123559470/campaigns/23652899436,Event Venue Orlando,23652899436,5,0.0,3415648,0.049019607843137254,683129.6,102,2026-03-19,customers/3123559470/expandedLandingPageViews/11156159984734890680,https://orlandoeventvenue.org?gad_source=5&gad_campaignid=23662974871
customers/3123559470/campaigns/23652899436,Event Venue Orlando,23652899436,4,0.0,6169894,0.05970149253731343,1542473.5,67,2026-03-18,customers/3123559470/expandedLandingPageViews/8969890257561669955,https://orlandoeventvenue.org?gad_source=1&gad_campaignid=23662973023
customers/3123559470/campaigns/23652899436,Event Venue Orlando,23652899436,4,0.0,3674190,0.06060606060606061,918547.5,66,2026-03-19,customers/3123559470/expandedLandingPageViews/8969890257561669955,https://orlandoeventvenue.org?gad_source=1&gad_campaignid=23662973023
customers/3123559470/campaigns/23652899436,Event Venue Orlando,23652899436,4,0.0,4226310,0.08695652173913043,1056577.5,46,2026-03-20,customers/3123559470/expandedLandingPageViews/8969890257561669955,https://orlandoeventvenue.org?gad_source=1&gad_campaignid=23662973023
customers/3123559470/campaigns/23652899436,Event Venue Orlando,23652899436,3,0.0,6120000,0.01639344262295082,2040000.0,183,2026-03-17,customers/3123559470/expandedLandingPageViews/8145268232624929993,https://orlandoeventvenue.org?gad_source=1&gad_campaignid=23662973023&gbraid=0AAAABDHTQErs8o-t9LlZtkLZALZhAuptt
customers/3123559470/campaigns/23652899436,Event Venue Orlando,23652899436,3,0.0,3890000,0.08823529411764706,1296666.6666666667,34,2026-03-17,customers/3123559470/expandedLandingPageViews/8346341122434460238,https://orlandoeventvenue.org?gad_source=1&gad_campaignid=23662973023&gbraid=0AAAABDHTQEr-9NOyQthzT97r4n1tqD8I0
customers/3123559470/campaigns/23652899436,Event Venue Orlando,23652899436,3,0.0,2859305,0.028846153846153848,953101.6666666666,104,2026-03-17,customers/3123559470/expandedLandingPageViews/8969890257561669955,https://orlandoeventvenue.org?gad_source=1&gad_campaignid=23662973023
customers/3123559470/campaigns/23652899436,Event Venue Orlando,23652899436,3,0.0,5040000,0.10714285714285714,1680000.0,28,2026-03-19,customers/3123559470/expandedLandingPageViews/2627309343731115691,https://orlandoeventvenue.org?gad_source=1&gad_campaignid=23662973023&gbraid=0AAAABDHTQEoacYiwSNfIGMgVfuWCu0Mok
customers/3123559470/campaigns/23652899436,Event Venue Orlando,23652899436,3,0.0,3610000,0.06521739130434782,1203333.3333333333,46,2026-03-19,customers/3123559470/expandedLandingPageViews/14768428442231800212,https://orlandoeventvenue.org?gad_source=1&gad_campaignid=23662973023&gbraid=0AAAABDHTQEqEom0Q5zYaLCcPghHcZ99iB
customers/3123559470/campaigns/23652899436,Event Venue Orlando,23652899436,2,0.0,2910000,0.18181818181818182,1455000.0,11,2026-03-16,customers/3123559470/expandedLandingPageViews/2275047528523410687,https://orlandoeventvenue.org?gad_source=1&gad_campaignid=23662973023&gbraid=0AAAABDHTQEpC9BSdAbG0i523ddLa2olRv
customers/3123559470/campaigns/23652899436,Event Venue Orlando,23652899436,2,0.0,1963235,0.022222222222222223,981617.5,90,2026-03-16,customers/3123559470/expandedLandingPageViews/6463513324427076671,https://orlandoeventvenue.org?gad_source=1&gad_campaignid=23662973023&gbraid=0AAAABDHTQErXLWW2Mu5qUX-W-4Zg9_G8W
customers/3123559470/campaigns/23652899436,Event Venue Orlando,23652899436,2,0.0,3790000,0.08,1895000.0,25,2026-03-16,customers/3123559470/expandedLandingPageViews/6836903443263085836,https://orlandoeventvenue.org?gad_source=1&gad_campaignid=23662973023&gbraid=0AAAABDHTQEqwPO_VPD6gNGirKu4H4OIwG
customers/3123559470/campaigns/23652899436,Event Venue Orlando,23652899436,2,0.0,80000,0.03076923076923077,40000.0,65,2026-03-17,customers/3123559470/expandedLandingPageViews/10924012339152012116,https://orlandoeventvenue.org?gad_campaignid=23662973023&wbraid=Cj4KCAjw1N7NBhAmEi4AXhuhYbsdq1ZmfhYBUOIAETwNv7qPxLIPUFBIo7WiltolpGL6DR5Z6Ln5rpewGgISmw
customers/3123559470/campaigns/23652899436,Event Venue Orlando,23652899436,2,0.0,20000,0.02631578947368421,10000.0,76,2026-03-18,customers/3123559470/expandedLandingPageViews/9601449220526221364,https://orlandoeventvenue.org?gad_source=6&gad_campaignid=23662973023
customers/3123559470/campaigns/23652899436,Event Venue Orlando,23652899436,2,0.0,2190000,0.14285714285714285,1095000.0,14,2026-03-19,customers/3123559470/expandedLandingPageViews/1664417648807132424,https://orlandoeventvenue.org?gad_source=1&gad_campaignid=23662973023&gbraid=0AAAABDHTQErC7zsv2tuJM5z9BDHi-iqMB
customers/3123559470/campaigns/23652899436,Event Venue Orlando,23652899436,2,0.0,772664,0.05128205128205128,386332.0,39,2026-03-23,customers/3123559470/expandedLandingPageViews/11156159984734890680,https://orlandoeventvenue.org?gad_source=5&gad_campaignid=23662974871
customers/3123559470/campaigns/23652899436,Event Venue Orlando,23652899436,1,0.0,350000,0.037037037037037035,350000.0,27,2026-03-16,customers/3123559470/expandedLandingPageViews/8969890257561669955,https://orlandoeventvenue.org?gad_source=1&gad_campaignid=23662973023
customers/3123559470/campaigns/23652899436,Event Venue Orlando,23652899436,1,0.0,38701,0.02,38701.0,50,2026-03-16,customers/3123559470/expandedLandingPageViews/9601449220526221364,https://orlandoeventvenue.org?gad_source=6&gad_campaignid=23662973023
customers/3123559470/campaigns/23652899436,Event Venue Orlando,23652899436,1,0.0,20000,0.022222222222222223,20000.0,45,2026-03-16,customers/3123559470/expandedLandingPageViews/18012997553920085163,https://orlandoeventvenue.org?gad_campaignid=23662973023&wbraid=Cj8KCQjwsdnNBhDjARIuADmAlzMifmg9VHOUUK4DMgiQ2zzRFGH8ZvOWxs9eV40wfsH92tnopiwpv_OwaRoCDVw
customers/3123559470/campaigns/23652899436,Event Venue Orlando,23652899436,1,0.0,1290000,0.038461538461538464,1290000.0,26,2026-03-17,customers/3123559470/expandedLandingPageViews/61459319343749162,https://orlandoeventvenue.org?gad_source=1&gad_campaignid=23662973023&gbraid=0AAAABDHTQEru0U9LygKIHqaygc09BXv9n
customers/3123559470/campaigns/23652899436,Event Venue Orlando,23652899436,1,0.0,1340347,1.0,1340347.0,1,2026-03-17,customers/3123559470/expandedLandingPageViews/5895511186649455248,https://orlandoeventvenue.org?gad_source=1&gad_campaignid=23662973023&gbraid=0AAAABDHTQEpJ-7g4gTo31v6pJRsq_vcry
customers/3123559470/campaigns/23652899436,Event Venue Orlando,23652899436,1,0.0,10000,0.023255813953488372,10000.0,43,2026-03-17,customers/3123559470/expandedLandingPageViews/9601449220526221364,https://orlandoeventvenue.org?gad_source=6&gad_campaignid=23662973023
customers/3123559470/campaigns/23652899436,Event Venue Orlando,23652899436,1,0.0,1430000,0.038461538461538464,1430000.0,26,2026-03-17,customers/3123559470/expandedLandingPageViews/10957433931623812002,https://orlandoeventvenue.org?gad_source=1&gad_campaignid=23662973023&gbraid=0AAAABDHTQEox8GALvox84gmPb5UPDut4S
customers/3123559470/campaigns/23652899436,Event Venue Orlando,23652899436,1,0.0,980000,0.16666666666666666,980000.0,6,2026-03-17,customers/3123559470/expandedLandingPageViews/11861718876733538333,https://orlandoeventvenue.org?gad_source=5&gad_campaignid=23662973023
customers/3123559470/campaigns/23652899436,Event Venue Orlando,23652899436,1,0.0,1690000,0.005291005291005291,1690000.0,189,2026-03-18,customers/3123559470/expandedLandingPageViews/61459319343749162,https://orlandoeventvenue.org?gad_source=1&gad_campaignid=23662973023&gbraid=0AAAABDHTQEru0U9LygKIHqaygc09BXv9n
customers/3123559470/campaigns/23652899436,Event Venue Orlando,23652899436,1,0.0,18556,0.25,18556.0,4,2026-03-18,customers/3123559470/expandedLandingPageViews/1558440015041978020,https://orlandoeventvenue.org/?gad_source=1&gad_campaignid=23662973023
customers/3123559470/campaigns/23652899436,Event Venue Orlando,23652899436,1,0.0,20000,0.009009009009009009,20000.0,111,2026-03-18,customers/3123559470/expandedLandingPageViews/2869759291166430188,https://orlandoeventvenue.org?gad_campaignid=23662973023&wbraid=Cj4KCAjw9-PNBhB7Ei4AsOLqerD8RvK_vEA_ZGh0sU_giqf8KVvT4JbQHpwx5UwHrv6NTav3PHmhSKqdGgLMmQ
customers/3123559470/campaigns/23652899436,Event Venue Orlando,23652899436,1,0.0,1450000,0.2,1450000.0,5,2026-03-18,customers/3123559470/expandedLandingPageViews/8953488029113299743,https://orlandoeventvenue.org?gad_source=1&gad_campaignid=23662973023&gbraid=0AAAABDHTQEq_UDYJywz-jMYT4Tn0c97-X
customers/3123559470/campaigns/23652899436,Event Venue Orlando,23652899436,1,0.0,1010000,0.5,1010000.0,2,2026-03-18,customers/3123559470/expandedLandingPageViews/11861718876733538333,https://orlandoeventvenue.org?gad_source=5&gad_campaignid=23662973023
customers/3123559470/campaigns/23652899436,Event Venue Orlando,23652899436,1,0.0,10000,0.25,10000.0,4,2026-03-19,customers/3123559470/expandedLandingPageViews/1558440015041978020,https://orlandoeventvenue.org/?gad_source=1&gad_campaignid=23662973023
customers/3123559470/campaigns/23652899436,Event Venue Orlando,23652899436,1,0.0,10000,0.020833333333333332,10000.0,48,2026-03-19,customers/3123559470/expandedLandingPageViews/8398177734592448206,https://orlandoeventvenue.org?gad_source=6&gad_campaignid=23662973023&gbraid=0AAAABDHTQEq1mrOW3iqvgipXZ_KqA3Rv_
customers/3123559470/campaigns/23652899436,Event Venue Orlando,23652899436,1,0.0,29842,0.015873015873015872,29842.0,63,2026-03-19,customers/3123559470/expandedLandingPageViews/9601449220526221364,https://orlandoeventvenue.org?gad_source=6&gad_campaignid=23662973023
customers/3123559470/campaigns/23652899436,Event Venue Orlando,23652899436,1,0.0,990000,0.0625,990000.0,16,2026-03-19,customers/3123559470/expandedLandingPageViews/12275069546086856068,https://orlandoeventvenue.org?gad_source=1&gad_campaignid=23662973023&gbraid=0AAAABDHTQEo09uS8YaLnEgqxdfhXHw1Ex
customers/3123559470/campaigns/23652899436,Event Venue Orlando,23652899436,1,0.0,3060000,0.009900990099009901,3060000.0,101,2026-03-20,customers/3123559470/expandedLandingPageViews/565456666591951221,https://orlandoeventvenue.org?gad_source=1&gad_campaignid=23662973023&gbraid=0AAAABDHTQEpauv5wPesUiVqht_zY4tmuc
customers/3123559470/campaigns/23652899436,Event Venue Orlando,23652899436,1,0.0,50000,0.05263157894736842,50000.0,19,2026-03-20,customers/3123559470/expandedLandingPageViews/1664417648807132424,https://orlandoeventvenue.org?gad_source=1&gad_campaignid=23662973023&gbraid=0AAAABDHTQErC7zsv2tuJM5z9BDHi-iqMB
customers/3123559470/campaigns/23652899436,Event Venue Orlando,23652899436,1,0.0,1630000,0.1,1630000.0,10,2026-03-20,customers/3123559470/expandedLandingPageViews/3851848118580449958,https://orlandoeventvenue.org?gad_source=1&gad_campaignid=23662973023&gbraid=0AAAABDHTQEpttjoGgsVWGFmZ80W0IYhPZ
customers/3123559470/campaigns/23652899436,Event Venue Orlando,23652899436,1,0.0,274999,0.5,274999.0,2,2026-03-22,customers/3123559470/expandedLandingPageViews/2704916175491829935,https://orlandoeventvenue.org?gbraid=0AAAABDHTQEr4hSPhAD43AkcUHfunlAfws&gad_source=5&gad_campaignid=23662974871
customers/3123559470/campaigns/23652899436,Event Venue Orlando,23652899436,1,0.0,810000,0.038461538461538464,810000.0,26,2026-03-22,customers/3123559470/expandedLandingPageViews/8969890257561669955,https://orlandoeventvenue.org?gad_source=1&gad_campaignid=23662973023
customers/3123559470/campaigns/23652899436,Event Venue Orlando,23652899436,1,0.0,19448,0.02564102564102564,19448.0,39,2026-03-22,customers/3123559470/expandedLandingPageViews/9601449220526221364,https://orlandoeventvenue.org?gad_source=6&gad_campaignid=23662973023
customers/3123559470/campaigns/23652899436,Event Venue Orlando,23652899436,1,0.0,12940000,0.25,12940000.0,4,2026-03-23,customers/3123559470/expandedLandingPageViews/6557836968617352806,https://orlandoeventvenue.org/?gad_source=1&gad_campaignid=23662973023&gbraid=0AAAABDHTQEo4dZEtaK7-0cxld-VjMpvHV
customers/3123559470/campaigns/23652899436,Event Venue Orlando,23652899436,1,0.0,4630000,0.25,4630000.0,4,2026-03-23,customers/3123559470/expandedLandingPageViews/9369449784866217438,https://orlandoeventvenue.org?gad_source=1&gad_campaignid=23662973023&gbraid=0AAAABDHTQEo4dZEtaK7-0cxld-VjMpvHV
customers/3123559470/campaigns/23652899436,Event Venue Orlando,23652899436,0,0.0,0,0.0,,2,2026-03-15,customers/3123559470/expandedLandingPageViews/1954775787712981076,https://orlandoeventvenue.org?gad_source=1&gad_campaignid=23662973023&gbraid=0AAAABDHTQEpGNYNJf2wBWlG9Uswl_nU1h
customers/3123559470/campaigns/23652899436,Event Venue Orlando,23652899436,0,0.0,0,0.0,,3,2026-03-15,customers/3123559470/expandedLandingPageViews/2909324808225266470,https://orlandoeventvenue.org?gad_source=6&gad_campaignid=23662973023&gbraid=0AAAABDHTQEp4iqAfoAzpQ89wTjz6ZvagE
customers/3123559470/campaigns/23652899436,Event Venue Orlando,23652899436,0,0.0,0,0.0,,1,2026-03-15,customers/3123559470/expandedLandingPageViews/5862453007928274240,https://orlandoeventvenue.org?gad_source=6&gad_campaignid=23662973023&gbraid=0AAAABDHTQErqNcBP2dJ5SN2vciCTWMScp
customers/3123559470/campaigns/23652899436,Event Venue Orlando,23652899436,0,0.0,0,0.0,,3,2026-03-15,customers/3123559470/expandedLandingPageViews/6463513324427076671,https://orlandoeventvenue.org?gad_source=1&gad_campaignid=23662973023&gbraid=0AAAABDHTQErXLWW2Mu5qUX-W-4Zg9_G8W
customers/3123559470/campaigns/23652899436,Event Venue Orlando,23652899436,0,0.0,0,0.0,,1,2026-03-15,customers/3123559470/expandedLandingPageViews/9601449220526221364,https://orlandoeventvenue.org?gad_source=6&gad_campaignid=23662973023
customers/3123559470/campaigns/23652899436,Event Venue Orlando,23652899436,0,0.0,0,0.0,,1,2026-03-16,customers/3123559470/expandedLandingPageViews/103298968478682280,https://orlandoeventvenue.org?gad_source=1&gad_campaignid=23662973023&gbraid=0AAAABDHTQEpOfjjGpXmXEpFmxYcW41AAa
customers/3123559470/campaigns/23652899436,Event Venue Orlando,23652899436,0,0.0,0,0.0,,1,2026-03-16,customers/3123559470/expandedLandingPageViews/814924681129455302,https://orlandoeventvenue.org?gad_source=1&gad_campaignid=23662973023&gbraid=0AAAABDHTQEq-GeldzV__jUhvns_llerUw
customers/3123559470/campaigns/23652899436,Event Venue Orlando,23652899436,0,0.0,0,0.0,,73,2026-03-16,customers/3123559470/expandedLandingPageViews/2909324808225266470,https://orlandoeventvenue.org?gad_source=6&gad_campaignid=23662973023&gbraid=0AAAABDHTQEp4iqAfoAzpQ89wTjz6ZvagE
customers/3123559470/campaigns/23652899436,Event Venue Orlando,23652899436,0,0.0,0,0.0,,1,2026-03-16,customers/3123559470/expandedLandingPageViews/5270325452560291045,https://orlandoeventvenue.org?gad_source=1&gad_campaignid=23662973023&gbraid=0AAAABDHTQEpsTGWv2GxGyh9s_qcRNUQBP
customers/3123559470/campaigns/23652899436,Event Venue Orlando,23652899436,0,0.0,0,0.0,,1,2026-03-16,customers/3123559470/expandedLandingPageViews/6433519865103007049,https://orlandoeventvenue.org?gad_source=1&gad_campaignid=23662973023&gbraid=0AAAABDHTQEowIA7NOcdr4OzsHe9iAU8ia
customers/3123559470/campaigns/23652899436,Event Venue Orlando,23652899436,0,0.0,0,0.0,,1,2026-03-16,customers/3123559470/expandedLandingPageViews/7256882885943296812,https://orlandoeventvenue.org?gad_source=1&gad_campaignid=23662973023&gbraid=0AAAABDHTQEq598Grtep8A9uSNocOhvEIa
customers/3123559470/campaigns/23652899436,Event Venue Orlando,23652899436,0,0.0,0,0.0,,2,2026-03-16,customers/3123559470/expandedLandingPageViews/7996404618152627582,https://orlandoeventvenue.org?gad_source=1&gad_campaignid=23662973023&gbraid=0AAAABDHTQEqZaVu2BHkSgEc8eZgp5-rQr
customers/3123559470/campaigns/23652899436,Event Venue Orlando,23652899436,0,0.0,0,0.0,,16,2026-03-16,customers/3123559470/expandedLandingPageViews/8145268232624929993,https://orlandoeventvenue.org?gad_source=1&gad_campaignid=23662973023&gbraid=0AAAABDHTQErs8o-t9LlZtkLZALZhAuptt
customers/3123559470/campaigns/23652899436,Event Venue Orlando,23652899436,0,0.0,0,0.0,,2,2026-03-16,customers/3123559470/expandedLandingPageViews/8346341122434460238,https://orlandoeventvenue.org?gad_source=1&gad_campaignid=23662973023&gbraid=0AAAABDHTQEr-9NOyQthzT97r4n1tqD8I0
customers/3123559470/campaigns/23652899436,Event Venue Orlando,23652899436,0,0.0,0,0.0,,1,2026-03-16,customers/3123559470/expandedLandingPageViews/9422586842287229543,https://orlandoeventvenue.org?gad_source=1&gad_campaignid=23662973023&gbraid=0AAAABDHTQEq8tYxUnIdlEaSbXXN_Npdai
customers/3123559470/campaigns/23652899436,Event Venue Orlando,23652899436,0,0.0,0,0.0,,4,2026-03-16,customers/3123559470/expandedLandingPageViews/10049575488352033229,https://orlandoeventvenue.org?gad_source=2&gad_campaignid=23662973023
customers/3123559470/campaigns/23652899436,Event Venue Orlando,23652899436,0,0.0,0,0.0,,13,2026-03-16,customers/3123559470/expandedLandingPageViews/10139412092448745950,https://orlandoeventvenue.org?gad_source=1&gad_campaignid=23662973023&gbraid=0AAAABDHTQEpxHIgm1_8mCkARISUGCcc02
customers/3123559470/campaigns/23652899436,Event Venue Orlando,23652899436,0,0.0,0,0.0,,40,2026-03-16,customers/3123559470/expandedLandingPageViews/10924012339152012116,https://orlandoeventvenue.org?gad_campaignid=23662973023&wbraid=Cj4KCAjw1N7NBhAmEi4AXhuhYbsdq1ZmfhYBUOIAETwNv7qPxLIPUFBIo7WiltolpGL6DR5Z6Ln5rpewGgISmw
customers/3123559470/campaigns/23652899436,Event Venue Orlando,23652899436,0,0.0,0,0.0,,4,2026-03-16,customers/3123559470/expandedLandingPageViews/11861718876733538333,https://orlandoeventvenue.org?gad_source=5&gad_campaignid=23662973023
customers/3123559470/campaigns/23652899436,Event Venue Orlando,23652899436,0,0.0,104811,0.0,,4,2026-03-16,customers/3123559470/expandedLandingPageViews/12820257438871293888,https://orlandoeventvenue.org
customers/3123559470/campaigns/23652899436,Event Venue Orlando,23652899436,0,0.0,0,0.0,,6,2026-03-16,customers/3123559470/expandedLandingPageViews/12889599967731110652,https://orlandoeventvenue.org?gad_campaignid=23662973023&wbraid=Cj8KCQjwsdnNBhDjARIuADmAlzMYkr_YJHt4Dl1stommo4hfE-3p2wHmzi8C7cLMNu1Tazntls3TwTwdlhoCAQY
customers/3123559470/campaigns/23652899436,Event Venue Orlando,23652899436,0,0.0,0,0.0,,2,2026-03-16,customers/3123559470/expandedLandingPageViews/13525321482001056469,https://orlandoeventvenue.org?gad_source=1&gad_campaignid=23662973023&gbraid=0AAAABDHTQEq8YK__BF6ash7RlbmvRXGoL
customers/3123559470/campaigns/23652899436,Event Venue Orlando,23652899436,0,0.0,0,0.0,,2,2026-03-16,customers/3123559470/expandedLandingPageViews/14204302415657385275,https://orlandoeventvenue.org?gad_source=1&gad_campaignid=23662973023&gbraid=0AAAABDHTQEqgwKYcqF8rlvbsSDT91zd8C
customers/3123559470/campaigns/23652899436,Event Venue Orlando,23652899436,0,0.0,0,0.0,,2,2026-03-16,customers/3123559470/expandedLandingPageViews/14255374110633596912,https://orlandoeventvenue.org?gad_source=1&gad_campaignid=23662973023&gbraid=0AAAABDHTQEriC19T7bCOxUXDn5B7aI1PI
customers/3123559470/campaigns/23652899436,Event Venue Orlando,23652899436,0,0.0,0,0.0,,1,2026-03-16,customers/3123559470/expandedLandingPageViews/14639878823933398898,https://orlandoeventvenue.org?gad_source=1&gad_campaignid=23662973023&gbraid=0AAAABDHTQEpYFGmCv77AMY6Nq3e7_28ny
customers/3123559470/campaigns/23652899436,Event Venue Orlando,23652899436,0,0.0,0,0.0,,1,2026-03-16,customers/3123559470/expandedLandingPageViews/14746711684886345989,https://orlandoeventvenue.org?gad_source=1&gad_campaignid=23662973023&gbraid=0AAAABDHTQEp2SUB_nUMYHinjzlTL4X1L5
customers/3123559470/campaigns/23652899436,Event Venue Orlando,23652899436,0,0.0,0,0.0,,17,2026-03-16,customers/3123559470/expandedLandingPageViews/14823301569606877660,https://orlandoeventvenue.org?gad_source=6&gad_campaignid=23662973023&gbraid=0AAAABDHTQEqpPGiCNvUDLF28Qw1vApwxJ
customers/3123559470/campaigns/23652899436,Event Venue Orlando,23652899436,0,0.0,0,0.0,,1,2026-03-16,customers/3123559470/expandedLandingPageViews/16083282589414965415,https://orlandoeventvenue.org?gad_source=1&gad_campaignid=23662973023&gbraid=0AAAABDHTQErFrmvbWFyx9G8_9BKT5bZle
customers/3123559470/campaigns/23652899436,Event Venue Orlando,23652899436,0,0.0,0,0.0,,1,2026-03-17,customers/3123559470/expandedLandingPageViews/512755672551709908,https://orlandoeventvenue.org?gad_source=1&gad_campaignid=23662973023&gbraid=0AAAABDHTQEp3-t5gUsjncKjVvqzpCA03H
customers/3123559470/campaigns/23652899436,Event Venue Orlando,23652899436,0,0.0,0,0.0,,1,2026-03-17,customers/3123559470/expandedLandingPageViews/721849540951306066,https://orlandoeventvenue.org?gad_source=1&gad_campaignid=23662973023&gbraid=0AAAABDHTQErqWMWcDRcCriTWZZzwILc6c
customers/3123559470/campaigns/23652899436,Event Venue Orlando,23652899436,0,0.0,0,0.0,,1,2026-03-17,customers/3123559470/expandedLandingPageViews/761799682905202779,https://orlandoeventvenue.org?gad_source=1&gad_campaignid=23662973023&gbraid=0AAAABDHTQEq8Gk8rXt0vDU1uwhIQ2WVqZ
customers/3123559470/campaigns/23652899436,Event Venue Orlando,23652899436,0,0.0,0,0.0,,1,2026-03-17,customers/3123559470/expandedLandingPageViews/967924603669056911,https://orlandoeventvenue.org?gad_source=1&gad_campaignid=23662973023&gbraid=0AAAABDHTQErnCExJHtx7eZTzRe3MTrESF
customers/3123559470/campaigns/23652899436,Event Venue Orlando,23652899436,0,0.0,0,0.0,,1,2026-03-17,customers/3123559470/expandedLandingPageViews/1835487916250356886,https://orlandoeventvenue.org?gad_source=1&gad_campaignid=23662973023&gbraid=0AAAABDHTQEraZdQFvUnmVvNa3uIfjtF_e
customers/3123559470/campaigns/23652899436,Event Venue Orlando,23652899436,0,0.0,0,0.0,,1,2026-03-17,customers/3123559470/expandedLandingPageViews/2031023908432614003,https://orlandoeventvenue.org?gad_source=1&gad_campaignid=23662973023&gbraid=0AAAABDHTQErEc3J0f6LcX2boUClvwoRm6
customers/3123559470/campaigns/23652899436,Event Venue Orlando,23652899436,0,0.0,0,0.0,,1,2026-03-17,customers/3123559470/expandedLandingPageViews/2285181628197116381,https://orlandoeventvenue.org?gad_source=1&gad_campaignid=23662973023&gbraid=0AAAABDHTQEo4NjnMvm7OuYO1mt0G_pRU5
customers/3123559470/campaigns/23652899436,Event Venue Orlando,23652899436,0,0.0,0,0.0,,1,2026-03-17,customers/3123559470/expandedLandingPageViews/2349678760639453626,https://orlandoeventvenue.org?gad_source=1&gad_campaignid=23662973023&gbraid=0AAAABDHTQEqe8LpZoGR_gCc--VFABmJ-V
customers/3123559470/campaigns/23652899436,Event Venue Orlando,23652899436,0,0.0,0,0.0,,1,2026-03-17,customers/3123559470/expandedLandingPageViews/2702963229174649750,https://orlandoeventvenue.org?gad_source=1&gad_campaignid=23662973023&gbraid=0AAAABDHTQErwE18lx_4IIKmVmiDDL0NJ5
customers/3123559470/campaigns/23652899436,Event Venue Orlando,23652899436,0,0.0,0,0.0,,21,2026-03-17,customers/3123559470/expandedLandingPageViews/2869759291166430188,https://orlandoeventvenue.org?gad_campaignid=23662973023&wbraid=Cj4KCAjw9-PNBhB7Ei4AsOLqerD8RvK_vEA_ZGh0sU_giqf8KVvT4JbQHpwx5UwHrv6NTav3PHmhSKqdGgLMmQ
customers/3123559470/campaigns/23652899436,Event Venue Orlando,23652899436,0,0.0,0,0.0,,1,2026-03-17,customers/3123559470/expandedLandingPageViews/3537752285806385642,https://orlandoeventvenue.org?gad_source=1&gad_campaignid=23662973023&gbraid=0AAAABDHTQEpXiHe7WSUSt8MJlkOCCXu_d
customers/3123559470/campaigns/23652899436,Event Venue Orlando,23652899436,0,0.0,0,0.0,,2,2026-03-17,customers/3123559470/expandedLandingPageViews/3810127386753380213,https://orlandoeventvenue.org?gad_source=1&gad_campaignid=23662973023&gbraid=0AAAABDHTQEoRx4djac1h3jXD23Bg9TnlY
customers/3123559470/campaigns/23652899436,Event Venue Orlando,23652899436,0,0.0,0,0.0,,3,2026-03-17,customers/3123559470/expandedLandingPageViews/4322960143783775148,https://orlandoeventvenue.org?gad_source=1&gad_campaignid=23662973023&gbraid=0AAAABDHTQErRavqV7cbIyWzmkvjXiv4zN
customers/3123559470/campaigns/23652899436,Event Venue Orlando,23652899436,0,0.0,0,0.0,,5,2026-03-17,customers/3123559470/expandedLandingPageViews/5917162580585349609,https://orlandoeventvenue.org?gad_source=1&gad_campaignid=23662973023&gbraid=0AAAABDHTQEoUtpm8YB069u-CmlDeu9hk1
customers/3123559470/campaigns/23652899436,Event Venue Orlando,23652899436,0,0.0,0,0.0,,1,2026-03-17,customers/3123559470/expandedLandingPageViews/6001135640049392819,https://orlandoeventvenue.org?gad_source=1&gad_campaignid=23662973023&gbraid=0AAAABDHTQEoOf_s_oqr2NhMfhVd9Ehm9S
customers/3123559470/campaigns/23652899436,Event Venue Orlando,23652899436,0,0.0,0,0.0,,1,2026-03-17,customers/3123559470/expandedLandingPageViews/6498763453109345716,https://orlandoeventvenue.org?gad_campaignid=23662973023&wbraid=Cj4KCAjw1N7NBhAmEi4AXhuhYW4KM0HzPk6ImkAux8ui1CT1w_h39FVa5zVcVV6RPK9rxwmlxyuySwyAGgK6bA
customers/3123559470/campaigns/23652899436,Event Venue Orlando,23652899436,0,0.0,0,0.0,,4,2026-03-17,customers/3123559470/expandedLandingPageViews/7135604483891115091,https://orlandoeventvenue.org?gad_source=1&gad_campaignid=23662973023&gbraid=0AAAABDHTQErfiG1Ze7y-cwO21RI0RY6O9
customers/3123559470/campaigns/23652899436,Event Venue Orlando,23652899436,0,0.0,0,0.0,,2,2026-03-17,customers/3123559470/expandedLandingPageViews/7256882885943296812,https://orlandoeventvenue.org?gad_source=1&gad_campaignid=23662973023&gbraid=0AAAABDHTQEq598Grtep8A9uSNocOhvEIa
customers/3123559470/campaigns/23652899436,Event Venue Orlando,23652899436,0,0.0,0,0.0,,1,2026-03-17,customers/3123559470/expandedLandingPageViews/8244153926590596601,https://orlandoeventvenue.org?gad_source=1&gad_campaignid=23662973023&gbraid=0AAAABDHTQEosGXRjqff3jlTs2TDTgLdpY
customers/3123559470/campaigns/23652899436,Event Venue Orlando,23652899436,0,0.0,0,0.0,,15,2026-03-17,customers/3123559470/expandedLandingPageViews/8683056207248886604,https://orlandoeventvenue.org?gad_source=1&gad_campaignid=23662973023&gbraid=0AAAABDHTQEqHpK5Q2EcYOJ2ZI-Aoo3xVG
customers/3123559470/campaigns/23652899436,Event Venue Orlando,23652899436,0,0.0,0,0.0,,1,2026-03-17,customers/3123559470/expandedLandingPageViews/8926361343486002176,https://orlandoeventvenue.org?gad_source=1&gad_campaignid=23662973023&gbraid=0AAAABDHTQErqQR4jmuNu_iR-sfG6OtPcs
customers/3123559470/campaigns/23652899436,Event Venue Orlando,23652899436,0,0.0,0,0.0,,1,2026-03-17,customers/3123559470/expandedLandingPageViews/9405312015324049888,https://orlandoeventvenue.org?gad_source=1&gad_campaignid=23662973023&gbraid=0AAAABDHTQEqi2nBSGcPurbB77IVFKO55E
customers/3123559470/campaigns/23652899436,Event Venue Orlando,23652899436,0,0.0,0,0.0,,1,2026-03-17,customers/3123559470/expandedLandingPageViews/9422586842287229543,https://orlandoeventvenue.org?gad_source=1&gad_campaignid=23662973023&gbraid=0AAAABDHTQEq8tYxUnIdlEaSbXXN_Npdai
customers/3123559470/campaigns/23652899436,Event Venue Orlando,23652899436,0,0.0,0,0.0,,1,2026-03-17,customers/3123559470/expandedLandingPageViews/9536741483794860446,https://orlandoeventvenue.org?gad_source=1&gad_campaignid=23662973023&gbraid=0AAAABDHTQEo8MTuspouvQx3ASd19z81nW
customers/3123559470/campaigns/23652899436,Event Venue Orlando,23652899436,0,0.0,0,0.0,,14,2026-03-17,customers/3123559470/expandedLandingPageViews/9577511359377071447,https://orlandoeventvenue.org?gad_source=1&gad_campaignid=23662973023&gbraid=0AAAABDHTQEp0Ot-wNfpYgBGReMfSpIyIM
customers/3123559470/campaigns/23652899436,Event Venue Orlando,23652899436,0,0.0,0,0.0,,2,2026-03-17,customers/3123559470/expandedLandingPageViews/9863801369999371900,https://orlandoeventvenue.org?gad_source=1&gad_campaignid=23662973023&gbraid=0AAAABDHTQEprs0tGZCfo-cw-teQ7pY6p9
customers/3123559470/campaigns/23652899436,Event Venue Orlando,23652899436,0,0.0,0,0.0,,5,2026-03-17,customers/3123559470/expandedLandingPageViews/10049575488352033229,https://orlandoeventvenue.org?gad_source=2&gad_campaignid=23662973023
customers/3123559470/campaigns/23652899436,Event Venue Orlando,23652899436,0,0.0,0,0.0,,1,2026-03-17,customers/3123559470/expandedLandingPageViews/10762473926525259763,https://orlandoeventvenue.org?gad_source=1&gad_campaignid=23662973023&gbraid=0AAAABDHTQEr68EGeotKKBkMbKIxg4DNil
customers/3123559470/campaigns/23652899436,Event Venue Orlando,23652899436,0,0.0,0,0.0,,1,2026-03-17,customers/3123559470/expandedLandingPageViews/10896173964551822096,https://orlandoeventvenue.org?gad_source=1&gad_campaignid=23662973023&gbraid=0AAAABDHTQEoHqgdKasSz0vAZXfdz9-Mor
customers/3123559470/campaigns/23652899436,Event Venue Orlando,23652899436,0,0.0,0,0.0,,1,2026-03-17,customers/3123559470/expandedLandingPageViews/11115919965440625585,https://orlandoeventvenue.org?gad_source=1&gad_campaignid=23662973023&gbraid=0AAAABDHTQEoW1xRALklTcDelacjsJQ4vl
customers/3123559470/campaigns/23652899436,Event Venue Orlando,23652899436,0,0.0,0,0.0,,1,2026-03-17,customers/3123559470/expandedLandingPageViews/11494884875072774348,https://orlandoeventvenue.org?gad_source=1&gad_campaignid=23662973023&gbraid=0AAAABDHTQErKvZJ96WzjJvnj9JVHqIQ8C
customers/3123559470/campaigns/23652899436,Event Venue Orlando,23652899436,0,0.0,0,0.0,,3,2026-03-17,customers/3123559470/expandedLandingPageViews/11568308462877630369,https://orlandoeventvenue.org?gad_source=1&gad_campaignid=23662973023&gbraid=0AAAABDHTQEp-v1vdegyPEizQ-y_UYuv4d
customers/3123559470/campaigns/23652899436,Event Venue Orlando,23652899436,0,0.0,0,0.0,,3,2026-03-17,customers/3123559470/expandedLandingPageViews/12026025745926864181,https://orlandoeventvenue.org?gad_source=1&gad_campaignid=23662973023&gbraid=0AAAABDHTQEqIRZ20-O4epiVIAjnRSLcv0
customers/3123559470/campaigns/23652899436,Event Venue Orlando,23652899436,0,0.0,0,0.0,,10,2026-03-17,customers/3123559470/expandedLandingPageViews/12061520143816079052,https://orlandoeventvenue.org?gad_source=1&gad_campaignid=23662973023&gbraid=0AAAABDHTQErl5D82NKNN9f3umtQ0fUWlb
customers/3123559470/campaigns/23652899436,Event Venue Orlando,23652899436,0,0.0,0,0.0,,1,2026-03-17,customers/3123559470/expandedLandingPageViews/13374212157353300680,https://orlandoeventvenue.org?gad_source=1&gad_campaignid=23662973023&gbraid=0AAAABDHTQEr2XaiuiM5vfWHWPqS4PJBYt
customers/3123559470/campaigns/23652899436,Event Venue Orlando,23652899436,0,0.0,0,0.0,,2,2026-03-17,customers/3123559470/expandedLandingPageViews/13772185130851879976,https://orlandoeventvenue.org?gad_source=1&gad_campaignid=23662973023&gbraid=0AAAABDHTQEo6Cirp0wn4Ex89TW1sWEvNo
customers/3123559470/campaigns/23652899436,Event Venue Orlando,23652899436,0,0.0,0,0.0,,36,2026-03-17,customers/3123559470/expandedLandingPageViews/14735186385978844810,https://orlandoeventvenue.org?gad_source=6&gad_campaignid=23662973023&gbraid=0AAAABDHTQEpXhsQD9hR77sPr5XMIszCXI
customers/3123559470/campaigns/23652899436,Event Venue Orlando,23652899436,0,0.0,0,0.0,,101,2026-03-17,customers/3123559470/expandedLandingPageViews/14823301569606877660,https://orlandoeventvenue.org?gad_source=6&gad_campaignid=23662973023&gbraid=0AAAABDHTQEqpPGiCNvUDLF28Qw1vApwxJ
customers/3123559470/campaigns/23652899436,Event Venue Orlando,23652899436,0,0.0,0,0.0,,2,2026-03-17,customers/3123559470/expandedLandingPageViews/15758508499910433850,https://orlandoeventvenue.org?gad_source=1&gad_campaignid=23662973023&gbraid=0AAAABDHTQEptcNXONs48RpjJWicNZa0hN
customers/3123559470/campaigns/23652899436,Event Venue Orlando,23652899436,0,0.0,0,0.0,,1,2026-03-17,customers/3123559470/expandedLandingPageViews/16238855923264921080,https://orlandoeventvenue.org?gad_source=1&gad_campaignid=23662973023&gbraid=0AAAABDHTQEpPnix3-35UtHg0XeAplmmg0
customers/3123559470/campaigns/23652899436,Event Venue Orlando,23652899436,0,0.0,0,0.0,,8,2026-03-18,customers/3123559470/expandedLandingPageViews/324830881475944609,https://orlandoeventvenue.org?gad_source=6&gad_campaignid=23662973023&gbraid=0AAAABDHTQEosxWVpm1zc-OEnIOG9bfzSo
customers/3123559470/campaigns/23652899436,Event Venue Orlando,23652899436,0,0.0,0,0.0,,5,2026-03-18,customers/3123559470/expandedLandingPageViews/761799682905202779,https://orlandoeventvenue.org?gad_source=1&gad_campaignid=23662973023&gbraid=0AAAABDHTQEq8Gk8rXt0vDU1uwhIQ2WVqZ
customers/3123559470/campaigns/23652899436,Event Venue Orlando,23652899436,0,0.0,0,0.0,,1,2026-03-18,customers/3123559470/expandedLandingPageViews/2031023908432614003,https://orlandoeventvenue.org?gad_source=1&gad_campaignid=23662973023&gbraid=0AAAABDHTQErEc3J0f6LcX2boUClvwoRm6
customers/3123559470/campaigns/23652899436,Event Venue Orlando,23652899436,0,0.0,0,0.0,,4,2026-03-18,customers/3123559470/expandedLandingPageViews/2925156775032002613,https://orlandoeventvenue.org/?gad_source=1&gad_campaignid=23662973023&gbraid=0AAAABDHTQEru0U9LygKIHqaygc09BXv9n
customers/3123559470/campaigns/23652899436,Event Venue Orlando,23652899436,0,0.0,0,0.0,,1,2026-03-18,customers/3123559470/expandedLandingPageViews/2998422850799200130,https://orlandoeventvenue.org?gad_source=1&gad_campaignid=23662973023&gbraid=0AAAABDHTQEqU9QCsr61F7HkYt4WGHIRwZ
customers/3123559470/campaigns/23652899436,Event Venue Orlando,23652899436,0,0.0,0,0.0,,11,2026-03-18,customers/3123559470/expandedLandingPageViews/3095049387851537788,https://orlandoeventvenue.org?gad_source=1&gad_campaignid=23662973023&gbraid=0AAAABDHTQEryW-lOTQxBjj00aHBdM2oy8
customers/3123559470/campaigns/23652899436,Event Venue Orlando,23652899436,0,0.0,0,0.0,,2,2026-03-18,customers/3123559470/expandedLandingPageViews/3320829228707729124,https://orlandoeventvenue.org?gad_source=1&gad_campaignid=23662973023&gbraid=0AAAABDHTQErVlFcR7VKv06BnjrbWOvkDF
customers/3123559470/campaigns/23652899436,Event Venue Orlando,23652899436,0,0.0,0,0.0,,1,2026-03-18,customers/3123559470/expandedLandingPageViews/3357429011520469959,https://orlandoeventvenue.org?gad_source=1&gad_campaignid=23662973023&gbraid=0AAAABDHTQEpnsPAV-XqmuaEUCAR5mizDx
customers/3123559470/campaigns/23652899436,Event Venue Orlando,23652899436,0,0.0,0,0.0,,1,2026-03-18,customers/3123559470/expandedLandingPageViews/3813328205366060184,https://orlandoeventvenue.org?gad_source=1&gad_campaignid=23662973023&gbraid=0AAAABDHTQErSTcwrgGUJgzd6kB87--0zC
customers/3123559470/campaigns/23652899436,Event Venue Orlando,23652899436,0,0.0,0,0.0,,2,2026-03-18,customers/3123559470/expandedLandingPageViews/3851543167568672173,https://orlandoeventvenue.org?gad_source=1&gad_campaignid=23662973023&gbraid=0AAAABDHTQEo5UqKDvNOWiM0iniQHNmH0d
customers/3123559470/campaigns/23652899436,Event Venue Orlando,23652899436,0,0.0,0,0.0,,1,2026-03-18,customers/3123559470/expandedLandingPageViews/7078733094826502189,https://orlandoeventvenue.org?gad_source=1&gad_campaignid=23662973023&gbraid=0AAAABDHTQEo1VEyhlaw5zg3f0-ujwBhWJ
customers/3123559470/campaigns/23652899436,Event Venue Orlando,23652899436,0,0.0,0,0.0,,1,2026-03-18,customers/3123559470/expandedLandingPageViews/7608829725480685103,https://orlandoeventvenue.org/?gad_campaignid=23662973023&wbraid=Cj4KCAjw9-PNBhB7Ei4AsOLqerD8RvK_vEA_ZGh0sU_giqf8KVvT4JbQHpwx5UwHrv6NTav3PHmhSKqdGgLMmQ
customers/3123559470/campaigns/23652899436,Event Venue Orlando,23652899436,0,0.0,0,0.0,,2,2026-03-18,customers/3123559470/expandedLandingPageViews/7676455916633065322,https://orlandoeventvenue.org?gad_campaignid=23662973023&wbraid=Cj4KCAjw9-PNBhB7Ei4AsOLqercxvb6Ow1AbbYDGyrO2gG5lTaMBtBPxld5Zd5LfMPht0YD6Ur0N7gu_GgK2cA
customers/3123559470/campaigns/23652899436,Event Venue Orlando,23652899436,0,0.0,0,0.0,,2,2026-03-18,customers/3123559470/expandedLandingPageViews/9046948800543356770,https://orlandoeventvenue.org/?gad_source=6&gad_campaignid=23662973023&gbraid=0AAAABDHTQEpXhsQD9hR77sPr5XMIszCXI
customers/3123559470/campaigns/23652899436,Event Venue Orlando,23652899436,0,0.0,0,0.0,,7,2026-03-18,customers/3123559470/expandedLandingPageViews/9060859337041761538,https://orlandoeventvenue.org?gad_campaignid=23662973023&wbraid=Cj8KCQjwmunNBhD9ARIuABCh3VIdECklQ2pWFYRCB7D7Pb2Z9KpDeZenidNzp0XB2gQqAGHgQU0bYQLehRoC2y4
customers/3123559470/campaigns/23652899436,Event Venue Orlando,23652899436,0,0.0,0,0.0,,50,2026-03-18,customers/3123559470/expandedLandingPageViews/9577511359377071447,https://orlandoeventvenue.org?gad_source=1&gad_campaignid=23662973023&gbraid=0AAAABDHTQEp0Ot-wNfpYgBGReMfSpIyIM
customers/3123559470/campaigns/23652899436,Event Venue Orlando,23652899436,0,0.0,0,0.0,,1,2026-03-18,customers/3123559470/expandedLandingPageViews/9863801369999371900,https://orlandoeventvenue.org?gad_source=1&gad_campaignid=23662973023&gbraid=0AAAABDHTQEprs0tGZCfo-cw-teQ7pY6p9
customers/3123559470/campaigns/23652899436,Event Venue Orlando,23652899436,0,0.0,0,0.0,,5,2026-03-18,customers/3123559470/expandedLandingPageViews/10049575488352033229,https://orlandoeventvenue.org?gad_source=2&gad_campaignid=23662973023
customers/3123559470/campaigns/23652899436,Event Venue Orlando,23652899436,0,0.0,0,0.0,,1,2026-03-18,customers/3123559470/expandedLandingPageViews/10419888713925679903,https://orlandoeventvenue.org?gad_source=1&gad_campaignid=23662973023&gbraid=0AAAABDHTQEr6BxHVdC3tZ4coGcjKGvtHp
customers/3123559470/campaigns/23652899436,Event Venue Orlando,23652899436,0,0.0,0,0.0,,2,2026-03-18,customers/3123559470/expandedLandingPageViews/10896173964551822096,https://orlandoeventvenue.org?gad_source=1&gad_campaignid=23662973023&gbraid=0AAAABDHTQEoHqgdKasSz0vAZXfdz9-Mor
customers/3123559470/campaigns/23652899436,Event Venue Orlando,23652899436,0,0.0,0,0.0,,1,2026-03-18,customers/3123559470/expandedLandingPageViews/11115919965440625585,https://orlandoeventvenue.org?gad_source=1&gad_campaignid=23662973023&gbraid=0AAAABDHTQEoW1xRALklTcDelacjsJQ4vl
customers/3123559470/campaigns/23652899436,Event Venue Orlando,23652899436,0,0.0,0,0.0,,1,2026-03-18,customers/3123559470/expandedLandingPageViews/11157858575342868661,https://orlandoeventvenue.org?gad_source=1&gad_campaignid=23662973023&gbraid=0AAAABDHTQEqapU04Pkk8AozpDuAvA-9u-
customers/3123559470/campaigns/23652899436,Event Venue Orlando,23652899436,0,0.0,0,0.0,,5,2026-03-18,customers/3123559470/expandedLandingPageViews/11483917364763078555,https://orlandoeventvenue.org?gad_source=1&gad_campaignid=23662973023&gbraid=0AAAABDHTQEqPodp_EUCooDlah-bmxU6GN
customers/3123559470/campaigns/23652899436,Event Venue Orlando,23652899436,0,0.0,0,0.0,,4,2026-03-18,customers/3123559470/expandedLandingPageViews/12026025745926864181,https://orlandoeventvenue.org?gad_source=1&gad_campaignid=23662973023&gbraid=0AAAABDHTQEqIRZ20-O4epiVIAjnRSLcv0
customers/3123559470/campaigns/23652899436,Event Venue Orlando,23652899436,0,0.0,0,0.0,,16,2026-03-18,customers/3123559470/expandedLandingPageViews/12275069546086856068,https://orlandoeventvenue.org?gad_source=1&gad_campaignid=23662973023&gbraid=0AAAABDHTQEo09uS8YaLnEgqxdfhXHw1Ex
customers/3123559470/campaigns/23652899436,Event Venue Orlando,23652899436,0,0.0,0,0.0,,1,2026-03-18,customers/3123559470/expandedLandingPageViews/12486653915328709595,https://orlandoeventvenue.org?gad_source=1&gad_campaignid=23662973023&gbraid=0AAAABDHTQEppu84Y-pOR3D0job7VMnGLo
customers/3123559470/campaigns/23652899436,Event Venue Orlando,23652899436,0,0.0,0,0.0,,1,2026-03-18,customers/3123559470/expandedLandingPageViews/12557205456161840388,https://orlandoeventvenue.org?gad_source=1&gad_campaignid=23662973023&gbraid=0AAAABDHTQEoms9wC7ovOmm2haGSlpHiD6
customers/3123559470/campaigns/23652899436,Event Venue Orlando,23652899436,0,0.0,214210,0.0,,19,2026-03-18,customers/3123559470/expandedLandingPageViews/12820257438871293888,https://orlandoeventvenue.org
customers/3123559470/campaigns/23652899436,Event Venue Orlando,23652899436,0,0.0,0,0.0,,4,2026-03-18,customers/3123559470/expandedLandingPageViews/12977343378839494911,https://orlandoeventvenue.org?gad_source=1&gad_campaignid=23662973023&gbraid=0AAAABDHTQErWf_VP1OyOkqEK2jOYWgHOR
customers/3123559470/campaigns/23652899436,Event Venue Orlando,23652899436,0,0.0,0,0.0,,2,2026-03-18,customers/3123559470/expandedLandingPageViews/13062976271490246875,https://orlandoeventvenue.org/?gad_source=1&gad_campaignid=23662973023&gbraid=0AAAABDHTQEox8GALvox84gmPb5UPDut4S
customers/3123559470/campaigns/23652899436,Event Venue Orlando,23652899436,0,0.0,0,0.0,,1,2026-03-18,customers/3123559470/expandedLandingPageViews/13219890274825322387,https://orlandoeventvenue.org?gad_source=1&gad_campaignid=23662973023&gbraid=0AAAABDHTQEoDXasI_He2xhjJwqSneGLKE
customers/3123559470/campaigns/23652899436,Event Venue Orlando,23652899436,0,0.0,0,0.0,,1,2026-03-18,customers/3123559470/expandedLandingPageViews/13374212157353300680,https://orlandoeventvenue.org?gad_source=1&gad_campaignid=23662973023&gbraid=0AAAABDHTQEr2XaiuiM5vfWHWPqS4PJBYt
customers/3123559470/campaigns/23652899436,Event Venue Orlando,23652899436,0,0.0,0,0.0,,1,2026-03-18,customers/3123559470/expandedLandingPageViews/13399544185014797543,https://orlandoeventvenue.org?gad_source=1&gad_campaignid=23662973023&gbraid=0AAAABDHTQErF9ZWxdv14WEiLRCGsut7aU
customers/3123559470/campaigns/23652899436,Event Venue Orlando,23652899436,0,0.0,0,0.0,,2,2026-03-18,customers/3123559470/expandedLandingPageViews/13704553565513357330,https://orlandoeventvenue.org?gad_source=1&gad_campaignid=23662973023&gbraid=0AAAABDHTQEpb5dyhX1uu29NRty_iio4_w
customers/3123559470/campaigns/23652899436,Event Venue Orlando,23652899436,0,0.0,0,0.0,,3,2026-03-18,customers/3123559470/expandedLandingPageViews/14014299882278860706,https://orlandoeventvenue.org?gad_source=1&gad_campaignid=23662973023&gbraid=0AAAABDHTQEootrFp37U9Au8ZIvn0eWRQR
customers/3123559470/campaigns/23652899436,Event Venue Orlando,23652899436,0,0.0,0,0.0,,1,2026-03-18,customers/3123559470/expandedLandingPageViews/14039853911167051066,https://orlandoeventvenue.org?gad_source=1&gad_campaignid=23662973023&gbraid=0AAAABDHTQEqKAL3UUcSgZA6nuqMJsPMNE
customers/3123559470/campaigns/23652899436,Event Venue Orlando,23652899436,0,0.0,0,0.0,,2,2026-03-18,customers/3123559470/expandedLandingPageViews/14553695144985661033,https://orlandoeventvenue.org?gad_source=1&gad_campaignid=23662973023&gbraid=0AAAABDHTQEqz7VcWsK2a3GlS1A7_gDetI
customers/3123559470/campaigns/23652899436,Event Venue Orlando,23652899436,0,0.0,0,0.0,,288,2026-03-18,customers/3123559470/expandedLandingPageViews/14735186385978844810,https://orlandoeventvenue.org?gad_source=6&gad_campaignid=23662973023&gbraid=0AAAABDHTQEpXhsQD9hR77sPr5XMIszCXI
customers/3123559470/campaigns/23652899436,Event Venue Orlando,23652899436,0,0.0,0,0.0,,1,2026-03-18,customers/3123559470/expandedLandingPageViews/14766995699430671661,https://orlandoeventvenue.org?gad_source=1&gad_campaignid=23662973023&gbraid=0AAAABDHTQEpRaBE0TZLKe9wwbePnVtG1U
customers/3123559470/campaigns/23652899436,Event Venue Orlando,23652899436,0,0.0,0,0.0,,1,2026-03-18,customers/3123559470/expandedLandingPageViews/15049211716051439514,https://orlandoeventvenue.org?gad_source=1&gad_campaignid=23662973023&gbraid=0AAAABDHTQEqEEEJkeQpu-__A_WwDPv4_2
customers/3123559470/campaigns/23652899436,Event Venue Orlando,23652899436,0,0.0,0,0.0,,1,2026-03-18,customers/3123559470/expandedLandingPageViews/15085843885347336030,https://orlandoeventvenue.org?gad_source=1&gad_campaignid=23662973023&gbraid=0AAAABDHTQEoSOBSk6iTmu4bjeinXcKkyo
customers/3123559470/campaigns/23652899436,Event Venue Orlando,23652899436,0,0.0,0,0.0,,2,2026-03-18,customers/3123559470/expandedLandingPageViews/15129367644455263185,https://orlandoeventvenue.org?gad_source=1&gad_campaignid=23662973023&gbraid=0AAAABDHTQEqWcWOeqbLBVX2PhwLuPFvGl
customers/3123559470/campaigns/23652899436,Event Venue Orlando,23652899436,0,0.0,0,0.0,,2,2026-03-18,customers/3123559470/expandedLandingPageViews/15824607973915940201,https://orlandoeventvenue.org?gad_source=1&gad_campaignid=23662973023&gbraid=0AAAABDHTQEqj2C4OuwFzhpAKyAYzmgvwR
customers/3123559470/campaigns/23652899436,Event Venue Orlando,23652899436,0,0.0,0,0.0,,5,2026-03-18,customers/3123559470/expandedLandingPageViews/16218989970341617200,https://orlandoeventvenue.org?gad_source=1&gad_campaignid=23662973023&gbraid=0AAAABDHTQEr2lH1yUnnMJZviOiJPESbgI
customers/3123559470/campaigns/23652899436,Event Venue Orlando,23652899436,0,0.0,0,0.0,,11,2026-03-18,customers/3123559470/expandedLandingPageViews/16238855923264921080,https://orlandoeventvenue.org?gad_source=1&gad_campaignid=23662973023&gbraid=0AAAABDHTQEpPnix3-35UtHg0XeAplmmg0
customers/3123559470/campaigns/23652899436,Event Venue Orlando,23652899436,0,0.0,0,0.0,,1,2026-03-18,customers/3123559470/expandedLandingPageViews/16924036374956710378,https://orlandoeventvenue.org?gad_source=1&gad_campaignid=23662973023&gbraid=0AAAABDHTQEpWOuYBtwKxEKhH8CfIoJNFg
customers/3123559470/campaigns/23652899436,Event Venue Orlando,23652899436,0,0.0,0,0.0,,1,2026-03-18,customers/3123559470/expandedLandingPageViews/17263157122879605444,https://orlandoeventvenue.org?gad_source=1&gad_campaignid=23662973023&gbraid=0AAAABDHTQEqS5383wE-_0SmjQiP-BIAmo
customers/3123559470/campaigns/23652899436,Event Venue Orlando,23652899436,0,0.0,0,0.0,,2,2026-03-18,customers/3123559470/expandedLandingPageViews/18077143255727733810,https://orlandoeventvenue.org/?gad_source=6&gad_campaignid=23662973023
customers/3123559470/campaigns/23652899436,Event Venue Orlando,23652899436,0,0.0,0,0.0,,1,2026-03-18,customers/3123559470/expandedLandingPageViews/18383164895963362318,https://orlandoeventvenue.org/?gad_source=1&gad_campaignid=23662973023&gbraid=0AAAABDHTQEqEom0Q5zYaLCcPghHcZ99iB
customers/3123559470/campaigns/23652899436,Event Venue Orlando,23652899436,0,0.0,0,0.0,,167,2026-03-19,customers/3123559470/expandedLandingPageViews/324830881475944609,https://orlandoeventvenue.org?gad_source=6&gad_campaignid=23662973023&gbraid=0AAAABDHTQEosxWVpm1zc-OEnIOG9bfzSo
customers/3123559470/campaigns/23652899436,Event Venue Orlando,23652899436,0,0.0,0,0.0,,48,2026-03-19,customers/3123559470/expandedLandingPageViews/565456666591951221,https://orlandoeventvenue.org?gad_source=1&gad_campaignid=23662973023&gbraid=0AAAABDHTQEpauv5wPesUiVqht_zY4tmuc
customers/3123559470/campaigns/23652899436,Event Venue Orlando,23652899436,0,0.0,0,0.0,,1,2026-03-19,customers/3123559470/expandedLandingPageViews/1731258685864418510,https://orlandoeventvenue.org?gbraid=0AAAABDHTQEpZfqBixyOmTqJxtGOGS4UYZ&gad_source=5&gad_campaignid=23662974871
customers/3123559470/campaigns/23652899436,Event Venue Orlando,23652899436,0,0.0,0,0.0,,8,2026-03-19,customers/3123559470/expandedLandingPageViews/2178480823005905450,https://orlandoeventvenue.org?gad_campaignid=23662973023&wbraid=Cj8KCQjwve7NBhD4ARIuAP6fBP1XQa31L7LdClmZLbBW7OG9aRwlFmp-tO3-cFS47wuMeJEjcidCDtc8yxoCELw
customers/3123559470/campaigns/23652899436,Event Venue Orlando,23652899436,0,0.0,0,0.0,,1,2026-03-19,customers/3123559470/expandedLandingPageViews/2379807211395700111,https://orlandoeventvenue.org?gad_source=1&gad_campaignid=23662973023&gbraid=0AAAABDHTQEqYq3MqX5K021i9mIuSMMu_9
customers/3123559470/campaigns/23652899436,Event Venue Orlando,23652899436,0,0.0,0,0.0,,1,2026-03-19,customers/3123559470/expandedLandingPageViews/3813328205366060184,https://orlandoeventvenue.org?gad_source=1&gad_campaignid=23662973023&gbraid=0AAAABDHTQErSTcwrgGUJgzd6kB87--0zC
customers/3123559470/campaigns/23652899436,Event Venue Orlando,23652899436,0,0.0,0,0.0,,2,2026-03-19,customers/3123559470/expandedLandingPageViews/3851848118580449958,https://orlandoeventvenue.org?gad_source=1&gad_campaignid=23662973023&gbraid=0AAAABDHTQEpttjoGgsVWGFmZ80W0IYhPZ
customers/3123559470/campaigns/23652899436,Event Venue Orlando,23652899436,0,0.0,0,0.0,,1,2026-03-19,customers/3123559470/expandedLandingPageViews/4885201371742307483,https://orlandoeventvenue.org?gad_source=1&gad_campaignid=23662973023&gbraid=0AAAABDHTQEp8S7vOn0QKUdtYHHTBkFOdb
customers/3123559470/campaigns/23652899436,Event Venue Orlando,23652899436,0,0.0,0,0.0,,1,2026-03-19,customers/3123559470/expandedLandingPageViews/4951815754031997668,https://orlandoeventvenue.org?gad_source=1&gad_campaignid=23662973023&gbraid=0AAAABDHTQEqkIqMplIf6fWwQd7OjtIqO7
customers/3123559470/campaigns/23652899436,Event Venue Orlando,23652899436,0,0.0,0,0.0,,11,2026-03-19,customers/3123559470/expandedLandingPageViews/6633785349667321870,https://orlandoeventvenue.org?gad_campaignid=23662973023&wbraid=Cj8KCQjwmunNBhD9ARIuABCh3VJsfVbMBQsw5EFCLCwySoUOXaHwPZ6UtzbCwpSdmz_Hs_PtYg3BN7mSuBoCGSM
customers/3123559470/campaigns/23652899436,Event Venue Orlando,23652899436,0,0.0,0,0.0,,1,2026-03-19,customers/3123559470/expandedLandingPageViews/7078733094826502189,https://orlandoeventvenue.org?gad_source=1&gad_campaignid=23662973023&gbraid=0AAAABDHTQEo1VEyhlaw5zg3f0-ujwBhWJ
customers/3123559470/campaigns/23652899436,Event Venue Orlando,23652899436,0,0.0,0,0.0,,1,2026-03-19,customers/3123559470/expandedLandingPageViews/7280139314749970606,https://orlandoeventvenue.org?gad_source=1&gad_campaignid=23662973023&gbraid=0AAAABDHTQErmW3KNw_93OgQcB1RgbcLs-
customers/3123559470/campaigns/23652899436,Event Venue Orlando,23652899436,0,0.0,0,0.0,,1,2026-03-19,customers/3123559470/expandedLandingPageViews/7616042134088462946,https://orlandoeventvenue.org?gad_source=1&gad_campaignid=23662973023&gbraid=0AAAABDHTQEqi-qirfS0d-PhfuBrQB4qge
customers/3123559470/campaigns/23652899436,Event Venue Orlando,23652899436,0,0.0,0,0.0,,2,2026-03-19,customers/3123559470/expandedLandingPageViews/7804444374749353042,https://orlandoeventvenue.org?gad_source=1&gad_campaignid=23662973023&gbraid=0AAAABDHTQErZTrwZ7h9kctcz2nRg_O7hW
customers/3123559470/campaigns/23652899436,Event Venue Orlando,23652899436,0,0.0,0,0.0,,57,2026-03-19,customers/3123559470/expandedLandingPageViews/8348095512528748089,https://orlandoeventvenue.org?gad_campaignid=23662973023&wbraid=Cj8KCQjwve7NBhD4ARIuAP6fBP0s54ThlODgGI8QyJCPWQEUYwKz65gsdXywiRHY19zRAkrOp7-7djXapRoCjfg
customers/3123559470/campaigns/23652899436,Event Venue Orlando,23652899436,0,0.0,0,0.0,,1,2026-03-19,customers/3123559470/expandedLandingPageViews/8441375441033435488,https://orlandoeventvenue.org?gad_source=1&gad_campaignid=23662973023&gbraid=0AAAABDHTQEoeM4iVBWyuMkKsrBrO9bmUQ
customers/3123559470/campaigns/23652899436,Event Venue Orlando,23652899436,0,0.0,0,0.0,,6,2026-03-19,customers/3123559470/expandedLandingPageViews/8604864825630473534,https://orlandoeventvenue.org/?gad_source=6&gad_campaignid=23662973023&gbraid=0AAAABDHTQEosxWVpm1zc-OEnIOG9bfzSo
customers/3123559470/campaigns/23652899436,Event Venue Orlando,23652899436,0,0.0,0,0.0,,114,2026-03-19,customers/3123559470/expandedLandingPageViews/8953488029113299743,https://orlandoeventvenue.org?gad_source=1&gad_campaignid=23662973023&gbraid=0AAAABDHTQEq_UDYJywz-jMYT4Tn0c97-X
customers/3123559470/campaigns/23652899436,Event Venue Orlando,23652899436,0,0.0,0,0.0,,1,2026-03-19,customers/3123559470/expandedLandingPageViews/9060692713704692847,https://orlandoeventvenue.org/?gad_source=1&gad_campaignid=23662973023&gbraid=0AAAABDHTQEoiFnBhUWRN0tqrEKg8WDH6G
customers/3123559470/campaigns/23652899436,Event Venue Orlando,23652899436,0,0.0,0,0.0,,86,2026-03-19,customers/3123559470/expandedLandingPageViews/9060859337041761538,https://orlandoeventvenue.org?gad_campaignid=23662973023&wbraid=Cj8KCQjwmunNBhD9ARIuABCh3VIdECklQ2pWFYRCB7D7Pb2Z9KpDeZenidNzp0XB2gQqAGHgQU0bYQLehRoC2y4
customers/3123559470/campaigns/23652899436,Event Venue Orlando,23652899436,0,0.0,0,0.0,,1,2026-03-19,customers/3123559470/expandedLandingPageViews/9711924042146971666,https://orlandoeventvenue.org?gad_source=1&gad_campaignid=23662973023&gbraid=0AAAABDHTQEoCjrfmPgsWack3rKhu9vtbw
customers/3123559470/campaigns/23652899436,Event Venue Orlando,23652899436,0,0.0,0,0.0,,7,2026-03-19,customers/3123559470/expandedLandingPageViews/10049575488352033229,https://orlandoeventvenue.org?gad_source=2&gad_campaignid=23662973023
customers/3123559470/campaigns/23652899436,Event Venue Orlando,23652899436,0,0.0,0,0.0,,2,2026-03-19,customers/3123559470/expandedLandingPageViews/10123186618272331046,https://orlandoeventvenue.org?gad_source=1&gad_campaignid=23662973023&gbraid=0AAAABDHTQEpuD-qlS6KGzvJIOaV_fPN0c
customers/3123559470/campaigns/23652899436,Event Venue Orlando,23652899436,0,0.0,0,0.0,,1,2026-03-19,customers/3123559470/expandedLandingPageViews/10175900362348025328,https://orlandoeventvenue.org?gad_source=1&gad_campaignid=23662973023&gbraid=0AAAABDHTQEr-eivmKSRuOqfH1Ap7VLBbw
customers/3123559470/campaigns/23652899436,Event Venue Orlando,23652899436,0,0.0,0,0.0,,1,2026-03-19,customers/3123559470/expandedLandingPageViews/10635620746190444404,https://orlandoeventvenue.org?gbraid=0AAAABDHTQEo4KIelQespx9LX5eCQIXY7C&gad_source=5&gad_campaignid=23662974871
customers/3123559470/campaigns/23652899436,Event Venue Orlando,23652899436,0,0.0,0,0.0,,1,2026-03-19,customers/3123559470/expandedLandingPageViews/10718875000645678461,https://orlandoeventvenue.org?gad_source=1&gad_campaignid=23662973023&gbraid=0AAAABDHTQEpky3Lq5G82DcC-2I1RLUxKX
customers/3123559470/campaigns/23652899436,Event Venue Orlando,23652899436,0,0.0,0,0.0,,1,2026-03-19,customers/3123559470/expandedLandingPageViews/10774165138932767976,https://orlandoeventvenue.org?gad_source=1&gad_campaignid=23662973023&gbraid=0AAAABDHTQErTYHTG4nWxwZ8OnsLvqNDV9
customers/3123559470/campaigns/23652899436,Event Venue Orlando,23652899436,0,0.0,0,0.0,,2,2026-03-19,customers/3123559470/expandedLandingPageViews/11340925118199467657,https://orlandoeventvenue.org?gad_source=1&gad_campaignid=23662973023&gbraid=0AAAABDHTQEpTaPkEHWlaNAqNYfpvGe1ff
customers/3123559470/campaigns/23652899436,Event Venue Orlando,23652899436,0,0.0,0,0.0,,2,2026-03-19,customers/3123559470/expandedLandingPageViews/11861718876733538333,https://orlandoeventvenue.org?gad_source=5&gad_campaignid=23662973023
customers/3123559470/campaigns/23652899436,Event Venue Orlando,23652899436,0,0.0,0,0.0,,1,2026-03-19,customers/3123559470/expandedLandingPageViews/12655625028149581976,https://orlandoeventvenue.org?gad_source=1&gad_campaignid=23662973023&gbraid=0AAAABDHTQErlGDwmlENwNYHINZN0YDmOv
customers/3123559470/campaigns/23652899436,Event Venue Orlando,23652899436,0,0.0,0,0.0,,3,2026-03-19,customers/3123559470/expandedLandingPageViews/12961566534391420684,https://orlandoeventvenue.org/?gad_source=1&gad_campaignid=23662973023&gbraid=0AAAABDHTQEoacYiwSNfIGMgVfuWCu0Mok
customers/3123559470/campaigns/23652899436,Event Venue Orlando,23652899436,0,0.0,0,0.0,,1,2026-03-19,customers/3123559470/expandedLandingPageViews/13219890274825322387,https://orlandoeventvenue.org?gad_source=1&gad_campaignid=23662973023&gbraid=0AAAABDHTQEoDXasI_He2xhjJwqSneGLKE
customers/3123559470/campaigns/23652899436,Event Venue Orlando,23652899436,0,0.0,0,0.0,,1,2026-03-19,customers/3123559470/expandedLandingPageViews/13704553565513357330,https://orlandoeventvenue.org?gad_source=1&gad_campaignid=23662973023&gbraid=0AAAABDHTQEpb5dyhX1uu29NRty_iio4_w
customers/3123559470/campaigns/23652899436,Event Venue Orlando,23652899436,0,0.0,0,0.0,,2,2026-03-19,customers/3123559470/expandedLandingPageViews/13773627123145143246,https://orlandoeventvenue.org?gad_source=1&gad_campaignid=23662973023&gbraid=0AAAABDHTQEqpZ4zoQddpcJ4fExJh9jPum
customers/3123559470/campaigns/23652899436,Event Venue Orlando,23652899436,0,0.0,0,0.0,,1,2026-03-19,customers/3123559470/expandedLandingPageViews/14553695144985661033,https://orlandoeventvenue.org?gad_source=1&gad_campaignid=23662973023&gbraid=0AAAABDHTQEqz7VcWsK2a3GlS1A7_gDetI
customers/3123559470/campaigns/23652899436,Event Venue Orlando,23652899436,0,0.0,0,0.0,,2,2026-03-19,customers/3123559470/expandedLandingPageViews/14612113721457119817,https://orlandoeventvenue.org?gad_source=1&gad_campaignid=23662973023&gbraid=0AAAABDHTQEqh0urTMUGyv3tcNNm8frk8Y
customers/3123559470/campaigns/23652899436,Event Venue Orlando,23652899436,0,0.0,0,0.0,,4,2026-03-19,customers/3123559470/expandedLandingPageViews/15854996768615351863,https://orlandoeventvenue.org?gad_source=1&gad_campaignid=23662973023&gbraid=0AAAABDHTQErVWtbFASpzppAvrCR_HO8Hx
customers/3123559470/campaigns/23652899436,Event Venue Orlando,23652899436,0,0.0,0,0.0,,5,2026-03-19,customers/3123559470/expandedLandingPageViews/16225998618876291108,https://orlandoeventvenue.org/?gad_source=1&gad_campaignid=23662973023&gbraid=0AAAABDHTQEq_UDYJywz-jMYT4Tn0c97-X
customers/3123559470/campaigns/23652899436,Event Venue Orlando,23652899436,0,0.0,0,0.0,,1,2026-03-19,customers/3123559470/expandedLandingPageViews/16371397377463559676,https://orlandoeventvenue.org/?gad_source=1&gad_campaignid=23662973023&gbraid=0AAAABDHTQEok9OLAI6URaAhWORxbPl5zc
customers/3123559470/campaigns/23652899436,Event Venue Orlando,23652899436,0,0.0,0,0.0,,6,2026-03-19,customers/3123559470/expandedLandingPageViews/16924036374956710378,https://orlandoeventvenue.org?gad_source=1&gad_campaignid=23662973023&gbraid=0AAAABDHTQEpWOuYBtwKxEKhH8CfIoJNFg
customers/3123559470/campaigns/23652899436,Event Venue Orlando,23652899436,0,0.0,0,0.0,,1,2026-03-19,customers/3123559470/expandedLandingPageViews/17402313111337303721,https://orlandoeventvenue.org/?gad_campaignid=23662973023&wbraid=Cj8KCQjwve7NBhD4ARIuAP6fBP1XQa31L7LdClmZLbBW7OG9aRwlFmp-tO3-cFS47wuMeJEjcidCDtc8yxoCELw
customers/3123559470/campaigns/23652899436,Event Venue Orlando,23652899436,0,0.0,0,0.0,,1,2026-03-19,customers/3123559470/expandedLandingPageViews/17610149387422354114,https://orlandoeventvenue.org?gad_source=1&gad_campaignid=23662973023&gbraid=0AAAABDHTQEpz4YtI12h2SB4Xcb56-K2zX
customers/3123559470/campaigns/23652899436,Event Venue Orlando,23652899436,0,0.0,0,0.0,,1,2026-03-19,customers/3123559470/expandedLandingPageViews/17825240313926886243,https://orlandoeventvenue.org?gad_source=1&gad_campaignid=23662973023&gbraid=0AAAABDHTQEoiFnBhUWRN0tqrEKg8WDH6G
customers/3123559470/campaigns/23652899436,Event Venue Orlando,23652899436,0,0.0,0,0.0,,1,2026-03-19,customers/3123559470/expandedLandingPageViews/18077143255727733810,https://orlandoeventvenue.org/?gad_source=6&gad_campaignid=23662973023
customers/3123559470/campaigns/23652899436,Event Venue Orlando,23652899436,0,0.0,0,0.0,,2,2026-03-19,customers/3123559470/expandedLandingPageViews/18383164895963362318,https://orlandoeventvenue.org/?gad_source=1&gad_campaignid=23662973023&gbraid=0AAAABDHTQEqEom0Q5zYaLCcPghHcZ99iB
customers/3123559470/campaigns/23652899436,Event Venue Orlando,23652899436,0,0.0,0,0.0,,1,2026-03-20,customers/3123559470/expandedLandingPageViews/1528725668980869708,https://orlandoeventvenue.org?gad_source=1&gad_campaignid=23662973023&gbraid=0AAAABDHTQEp-16uXW0ksWIRf4JGxECZk8
customers/3123559470/campaigns/23652899436,Event Venue Orlando,23652899436,0,0.0,0,0.0,,1,2026-03-20,customers/3123559470/expandedLandingPageViews/1558440015041978020,https://orlandoeventvenue.org/?gad_source=1&gad_campaignid=23662973023
customers/3123559470/campaigns/23652899436,Event Venue Orlando,23652899436,0,0.0,0,0.0,,3,2026-03-20,customers/3123559470/expandedLandingPageViews/1820009457046482458,https://orlandoeventvenue.org?gad_source=1&gad_campaignid=23662973023&gbraid=0AAAABDHTQEpdxGi2MD4gwnNkIXFv7G0yQ
customers/3123559470/campaigns/23652899436,Event Venue Orlando,23652899436,0,0.0,0,0.0,,5,2026-03-20,customers/3123559470/expandedLandingPageViews/2178480823005905450,https://orlandoeventvenue.org?gad_campaignid=23662973023&wbraid=Cj8KCQjwve7NBhD4ARIuAP6fBP1XQa31L7LdClmZLbBW7OG9aRwlFmp-tO3-cFS47wuMeJEjcidCDtc8yxoCELw
customers/3123559470/campaigns/23652899436,Event Venue Orlando,23652899436,0,0.0,0,0.0,,1,2026-03-20,customers/3123559470/expandedLandingPageViews/3107201402575675607,https://orlandoeventvenue.org?gad_source=1&gad_campaignid=23662973023&gbraid=0AAAABDHTQEok-zxQb2M0ceW-wmcbZlzlH
customers/3123559470/campaigns/23652899436,Event Venue Orlando,23652899436,0,0.0,0,0.0,,13,2026-03-20,customers/3123559470/expandedLandingPageViews/4688356777971018904,https://orlandoeventvenue.org?gad_source=6&gad_campaignid=23662973023&gbraid=0AAAABDHTQEoNxty4U-Z2XievEoEwDyQa5
customers/3123559470/campaigns/23652899436,Event Venue Orlando,23652899436,0,0.0,0,0.0,,1,2026-03-20,customers/3123559470/expandedLandingPageViews/4885201371742307483,https://orlandoeventvenue.org?gad_source=1&gad_campaignid=23662973023&gbraid=0AAAABDHTQEp8S7vOn0QKUdtYHHTBkFOdb
customers/3123559470/campaigns/23652899436,Event Venue Orlando,23652899436,0,0.0,0,0.0,,1,2026-03-20,customers/3123559470/expandedLandingPageViews/5922324033790102750,https://orlandoeventvenue.org?gad_source=1&gad_campaignid=23662973023&gbraid=0AAAABDHTQEr2v7RyZRKewLly7ZIvlSFYD
customers/3123559470/campaigns/23652899436,Event Venue Orlando,23652899436,0,0.0,0,0.0,,71,2026-03-20,customers/3123559470/expandedLandingPageViews/8348095512528748089,https://orlandoeventvenue.org?gad_campaignid=23662973023&wbraid=Cj8KCQjwve7NBhD4ARIuAP6fBP0s54ThlODgGI8QyJCPWQEUYwKz65gsdXywiRHY19zRAkrOp7-7djXapRoCjfg
customers/3123559470/campaigns/23652899436,Event Venue Orlando,23652899436,0,0.0,0,0.0,,116,2026-03-20,customers/3123559470/expandedLandingPageViews/8398177734592448206,https://orlandoeventvenue.org?gad_source=6&gad_campaignid=23662973023&gbraid=0AAAABDHTQEq1mrOW3iqvgipXZ_KqA3Rv_
customers/3123559470/campaigns/23652899436,Event Venue Orlando,23652899436,0,0.0,0,0.0,,1,2026-03-20,customers/3123559470/expandedLandingPageViews/8670867878637204170,https://orlandoeventvenue.org?gad_source=1&gad_campaignid=23662973023&gbraid=0AAAABDHTQEr9qn2yDexFKS0VNzmLkFdN3
customers/3123559470/campaigns/23652899436,Event Venue Orlando,23652899436,0,0.0,0,0.0,,1,2026-03-20,customers/3123559470/expandedLandingPageViews/9035222747570470872,https://orlandoeventvenue.org?gad_source=1&gad_campaignid=23662973023&gbraid=0AAAABDHTQEopEZc7BqDuGSnMP2-deniqy
customers/3123559470/campaigns/23652899436,Event Venue Orlando,23652899436,0,0.0,0,0.0,,56,2026-03-20,customers/3123559470/expandedLandingPageViews/9601449220526221364,https://orlandoeventvenue.org?gad_source=6&gad_campaignid=23662973023
customers/3123559470/campaigns/23652899436,Event Venue Orlando,23652899436,0,0.0,0,0.0,,1,2026-03-20,customers/3123559470/expandedLandingPageViews/9983692792435872002,https://orlandoeventvenue.org?gad_source=1&gad_campaignid=23662973023&gbraid=0AAAABDHTQErCg8OVQuKm6tIylqM9eXxDO
customers/3123559470/campaigns/23652899436,Event Venue Orlando,23652899436,0,0.0,0,0.0,,9,2026-03-20,customers/3123559470/expandedLandingPageViews/10049575488352033229,https://orlandoeventvenue.org?gad_source=2&gad_campaignid=23662973023
customers/3123559470/campaigns/23652899436,Event Venue Orlando,23652899436,0,0.0,0,0.0,,2,2026-03-20,customers/3123559470/expandedLandingPageViews/10175900362348025328,https://orlandoeventvenue.org?gad_source=1&gad_campaignid=23662973023&gbraid=0AAAABDHTQEr-eivmKSRuOqfH1Ap7VLBbw
customers/3123559470/campaigns/23652899436,Event Venue Orlando,23652899436,0,0.0,0,0.0,,4,2026-03-20,customers/3123559470/expandedLandingPageViews/10476289719563127328,https://orlandoeventvenue.org?gad_source=1&gad_campaignid=23662973023&gbraid=0AAAABDHTQEoeqmIOEJkFjB97bAyTVbbZ3
customers/3123559470/campaigns/23652899436,Event Venue Orlando,23652899436,0,0.0,0,0.0,,17,2026-03-20,customers/3123559470/expandedLandingPageViews/10753625499044804218,https://orlandoeventvenue.org?gad_campaignid=23662973023&wbraid=Cj8KCQjw4PPNBhDsARIuAAwY4RJ2llay8x9dFeI_5nyVzUNmkYllKBOH2Mq1R3g2nLDnsl1XQglAjueR-BoCo5M
customers/3123559470/campaigns/23652899436,Event Venue Orlando,23652899436,0,0.0,0,0.0,,2,2026-03-20,customers/3123559470/expandedLandingPageViews/12820257438871293888,https://orlandoeventvenue.org
customers/3123559470/campaigns/23652899436,Event Venue Orlando,23652899436,0,0.0,0,0.0,,1,2026-03-20,customers/3123559470/expandedLandingPageViews/12988972081715829430,https://orlandoeventvenue.org?gad_source=1&gad_campaignid=23662973023&gbraid=0AAAABDHTQErAuI_nTtpoXjg6NgPhh_zXD
customers/3123559470/campaigns/23652899436,Event Venue Orlando,23652899436,0,0.0,0,0.0,,1,2026-03-20,customers/3123559470/expandedLandingPageViews/14612113721457119817,https://orlandoeventvenue.org?gad_source=1&gad_campaignid=23662973023&gbraid=0AAAABDHTQEqh0urTMUGyv3tcNNm8frk8Y
customers/3123559470/campaigns/23652899436,Event Venue Orlando,23652899436,0,0.0,0,0.0,,1,2026-03-20,customers/3123559470/expandedLandingPageViews/15393955932589507846,https://orlandoeventvenue.org?gad_source=1&gad_campaignid=23662973023&gbraid=0AAAABDHTQEpx43BJlpr2rAZVUoDxbRKEt
customers/3123559470/campaigns/23652899436,Event Venue Orlando,23652899436,0,0.0,0,0.0,,3,2026-03-20,customers/3123559470/expandedLandingPageViews/15854996768615351863,https://orlandoeventvenue.org?gad_source=1&gad_campaignid=23662973023&gbraid=0AAAABDHTQErVWtbFASpzppAvrCR_HO8Hx
customers/3123559470/campaigns/23652899436,Event Venue Orlando,23652899436,0,0.0,0,0.0,,3,2026-03-20,customers/3123559470/expandedLandingPageViews/16803141458651143342,https://orlandoeventvenue.org?gad_source=1&gad_campaignid=23662973023&gbraid=0AAAABDHTQEpp-miq54LAv3863Yjk1_OUT
customers/3123559470/campaigns/23652899436,Event Venue Orlando,23652899436,0,0.0,0,0.0,,1,2026-03-20,customers/3123559470/expandedLandingPageViews/17161984751308396764,https://orlandoeventvenue.org?gad_source=1&gad_campaignid=23662973023&gbraid=0AAAABDHTQEr-SGl96LhX5V9OftdrpJF4M
customers/3123559470/campaigns/23652899436,Event Venue Orlando,23652899436,0,0.0,0,0.0,,2,2026-03-20,customers/3123559470/expandedLandingPageViews/17610149387422354114,https://orlandoeventvenue.org?gad_source=1&gad_campaignid=23662973023&gbraid=0AAAABDHTQEpz4YtI12h2SB4Xcb56-K2zX
customers/3123559470/campaigns/23652899436,Event Venue Orlando,23652899436,0,0.0,0,0.0,,1,2026-03-20,customers/3123559470/expandedLandingPageViews/17815578908287370498,https://orlandoeventvenue.org?gad_source=1&gad_campaignid=23662973023&gbraid=0AAAABDHTQErtYbA_y6Ytp4jouNMWZV_bK
customers/3123559470/campaigns/23652899436,Event Venue Orlando,23652899436,0,0.0,0,0.0,,3,2026-03-20,customers/3123559470/expandedLandingPageViews/18077143255727733810,https://orlandoeventvenue.org/?gad_source=6&gad_campaignid=23662973023
customers/3123559470/campaigns/23652899436,Event Venue Orlando,23652899436,0,0.0,0,0.0,,3,2026-03-21,customers/3123559470/expandedLandingPageViews/26383122999701971,https://orlandoeventvenue.org?gad_source=1&gad_campaignid=23662973023&gbraid=0AAAABDHTQEqFD72RQW6baTR4aMfO8TbaV
customers/3123559470/campaigns/23652899436,Event Venue Orlando,23652899436,0,0.0,0,0.0,,4,2026-03-21,customers/3123559470/expandedLandingPageViews/42406855090036489,https://orlandoeventvenue.org/?gad_source=1&gad_campaignid=23662973023&gbraid=0AAAABDHTQEpp-miq54LAv3863Yjk1_OUT
customers/3123559470/campaigns/23652899436,Event Venue Orlando,23652899436,0,0.0,0,0.0,,1,2026-03-21,customers/3123559470/expandedLandingPageViews/1558440015041978020,https://orlandoeventvenue.org/?gad_source=1&gad_campaignid=23662973023
customers/3123559470/campaigns/23652899436,Event Venue Orlando,23652899436,0,0.0,0,0.0,,3,2026-03-21,customers/3123559470/expandedLandingPageViews/1820009457046482458,https://orlandoeventvenue.org?gad_source=1&gad_campaignid=23662973023&gbraid=0AAAABDHTQEpdxGi2MD4gwnNkIXFv7G0yQ
customers/3123559470/campaigns/23652899436,Event Venue Orlando,23652899436,0,0.0,0,0.0,,1,2026-03-21,customers/3123559470/expandedLandingPageViews/2704916175491829935,https://orlandoeventvenue.org?gbraid=0AAAABDHTQEr4hSPhAD43AkcUHfunlAfws&gad_source=5&gad_campaignid=23662974871
customers/3123559470/campaigns/23652899436,Event Venue Orlando,23652899436,0,0.0,0,0.0,,6,2026-03-21,customers/3123559470/expandedLandingPageViews/3208962509023060236,https://orlandoeventvenue.org?gad_source=1&gad_campaignid=23662973023&gbraid=0AAAABDHTQEpmBQJ3DuLuvsY59GAGxawY2
customers/3123559470/campaigns/23652899436,Event Venue Orlando,23652899436,0,0.0,0,0.0,,1,2026-03-21,customers/3123559470/expandedLandingPageViews/4043452500296993769,https://orlandoeventvenue.org/?gad_source=1&gad_campaignid=23662973023&gbraid=0AAAABDHTQEqFD72RQW6baTR4aMfO8TbaV
customers/3123559470/campaigns/23652899436,Event Venue Orlando,23652899436,0,0.0,0,0.0,,1,2026-03-21,customers/3123559470/expandedLandingPageViews/4571240604088481796,https://orlandoeventvenue.org?gbraid=0AAAABDHTQEqDvX4uH5OCTdCT3q9_cFQSb&gad_source=5&gad_campaignid=23662974871
customers/3123559470/campaigns/23652899436,Event Venue Orlando,23652899436,0,0.0,0,0.0,,12,2026-03-21,customers/3123559470/expandedLandingPageViews/4688356777971018904,https://orlandoeventvenue.org?gad_source=6&gad_campaignid=23662973023&gbraid=0AAAABDHTQEoNxty4U-Z2XievEoEwDyQa5
customers/3123559470/campaigns/23652899436,Event Venue Orlando,23652899436,0,0.0,0,0.0,,2,2026-03-21,customers/3123559470/expandedLandingPageViews/5922324033790102750,https://orlandoeventvenue.org?gad_source=1&gad_campaignid=23662973023&gbraid=0AAAABDHTQEr2v7RyZRKewLly7ZIvlSFYD
customers/3123559470/campaigns/23652899436,Event Venue Orlando,23652899436,0,0.0,0,0.0,,12,2026-03-21,customers/3123559470/expandedLandingPageViews/7815078046432985898,https://orlandoeventvenue.org?gad_source=6&gad_campaignid=23662973023&gbraid=0AAAABDHTQEr0B2RivJuqhk2M6yO2S4SIG
customers/3123559470/campaigns/23652899436,Event Venue Orlando,23652899436,0,0.0,0,0.0,,4,2026-03-21,customers/3123559470/expandedLandingPageViews/8969890257561669955,https://orlandoeventvenue.org?gad_source=1&gad_campaignid=23662973023
customers/3123559470/campaigns/23652899436,Event Venue Orlando,23652899436,0,0.0,0,0.0,,14,2026-03-21,customers/3123559470/expandedLandingPageViews/9601449220526221364,https://orlandoeventvenue.org?gad_source=6&gad_campaignid=23662973023
customers/3123559470/campaigns/23652899436,Event Venue Orlando,23652899436,0,0.0,0,0.0,,1,2026-03-21,customers/3123559470/expandedLandingPageViews/10113164259272293864,https://orlandoeventvenue.org?gad_source=1&gad_campaignid=23662973023&gbraid=0AAAABDHTQEp6YNAfBFyb9EFmi6UI3rNFC
customers/3123559470/campaigns/23652899436,Event Venue Orlando,23652899436,0,0.0,0,0.0,,14,2026-03-21,customers/3123559470/expandedLandingPageViews/10753625499044804218,https://orlandoeventvenue.org?gad_campaignid=23662973023&wbraid=Cj8KCQjw4PPNBhDsARIuAAwY4RJ2llay8x9dFeI_5nyVzUNmkYllKBOH2Mq1R3g2nLDnsl1XQglAjueR-BoCo5M
customers/3123559470/campaigns/23652899436,Event Venue Orlando,23652899436,0,0.0,0,0.0,,1,2026-03-21,customers/3123559470/expandedLandingPageViews/11885233307284590092,https://orlandoeventvenue.org/book?gad_source=1&gad_campaignid=23662973023&gbraid=0AAAABDHTQEpmBQJ3DuLuvsY59GAGxawY2
customers/3123559470/campaigns/23652899436,Event Venue Orlando,23652899436,0,0.0,0,0.0,,1,2026-03-21,customers/3123559470/expandedLandingPageViews/12269027808096587427,https://orlandoeventvenue.org/?gad_source=1&gad_campaignid=23662973023&gbraid=0AAAABDHTQEpdxGi2MD4gwnNkIXFv7G0yQ
customers/3123559470/campaigns/23652899436,Event Venue Orlando,23652899436,0,0.0,0,0.0,,2,2026-03-21,customers/3123559470/expandedLandingPageViews/15483804525607144599,https://orlandoeventvenue.org?gad_source=1&gad_campaignid=23662973023&gbraid=0AAAABDHTQErbl8xp9bcJwc1f2Ep6BjSUw
customers/3123559470/campaigns/23652899436,Event Venue Orlando,23652899436,0,0.0,0,0.0,,4,2026-03-21,customers/3123559470/expandedLandingPageViews/16803141458651143342,https://orlandoeventvenue.org?gad_source=1&gad_campaignid=23662973023&gbraid=0AAAABDHTQEpp-miq54LAv3863Yjk1_OUT
customers/3123559470/campaigns/23652899436,Event Venue Orlando,23652899436,0,0.0,0,0.0,,30,2026-03-21,customers/3123559470/expandedLandingPageViews/17245717966211197539,https://orlandoeventvenue.org?gad_campaignid=23662973023&wbraid=Cj4KCAjwg_nNBhAZEi4A6ELKOXh2ZyLwB8Vo9dqJ5eferEJo7osd2SlyHOiQqq_tqepBxbGp0xwVanf6GgK6aQ
customers/3123559470/campaigns/23652899436,Event Venue Orlando,23652899436,0,0.0,0,0.0,,37,2026-03-22,customers/3123559470/expandedLandingPageViews/26383122999701971,https://orlandoeventvenue.org?gad_source=1&gad_campaignid=23662973023&gbraid=0AAAABDHTQEqFD72RQW6baTR4aMfO8TbaV
customers/3123559470/campaigns/23652899436,Event Venue Orlando,23652899436,0,0.0,0,0.0,,1,2026-03-22,customers/3123559470/expandedLandingPageViews/1319815880938783125,https://orlandoeventvenue.org/?gad_source=1&gad_campaignid=23662973023&gbraid=0AAAABDHTQEo2uEXBhkzfjyICelRO5FC7q
customers/3123559470/campaigns/23652899436,Event Venue Orlando,23652899436,0,0.0,0,0.0,,1,2026-03-22,customers/3123559470/expandedLandingPageViews/1342575222111762670,https://orlandoeventvenue.org/?gad_source=1&gad_campaignid=23662973023&gbraid=0AAAABDHTQEp6YNAfBFyb9EFmi6UI3rNFC
customers/3123559470/campaigns/23652899436,Event Venue Orlando,23652899436,0,0.0,0,0.0,,1,2026-03-22,customers/3123559470/expandedLandingPageViews/1558440015041978020,https://orlandoeventvenue.org/?gad_source=1&gad_campaignid=23662973023
customers/3123559470/campaigns/23652899436,Event Venue Orlando,23652899436,0,0.0,0,0.0,,1,2026-03-22,customers/3123559470/expandedLandingPageViews/1631787237667729945,https://orlandoeventvenue.org/book?gad_source=1&gad_campaignid=23662973023&gbraid=0AAAABDHTQEola-9wqSmfiKLcD8uSOagcH
customers/3123559470/campaigns/23652899436,Event Venue Orlando,23652899436,0,0.0,0,0.0,,1,2026-03-22,customers/3123559470/expandedLandingPageViews/2200457369836270196,https://orlandoeventvenue.org/?gad_source=6&gad_campaignid=23662973023&gbraid=0AAAABDHTQEr0B2RivJuqhk2M6yO2S4SIG
customers/3123559470/campaigns/23652899436,Event Venue Orlando,23652899436,0,0.0,0,0.0,,34,2026-03-22,customers/3123559470/expandedLandingPageViews/3208962509023060236,https://orlandoeventvenue.org?gad_source=1&gad_campaignid=23662973023&gbraid=0AAAABDHTQEpmBQJ3DuLuvsY59GAGxawY2
customers/3123559470/campaigns/23652899436,Event Venue Orlando,23652899436,0,0.0,0,0.0,,1,2026-03-22,customers/3123559470/expandedLandingPageViews/5200418783823717718,https://orlandoeventvenue.org?gad_source=1&gad_campaignid=23662973023&gbraid=0AAAABDHTQEqNTPKq0KgQumjC4sq70xrJj
customers/3123559470/campaigns/23652899436,Event Venue Orlando,23652899436,0,0.0,0,0.0,,1,2026-03-22,customers/3123559470/expandedLandingPageViews/5730614936404942049,https://orlandoeventvenue.org/?gad_source=1&gad_campaignid=23662973023&gbraid=0AAAABDHTQErk78mJFUlAhJr7mxyAteDXd
customers/3123559470/campaigns/23652899436,Event Venue Orlando,23652899436,0,0.0,0,0.0,,5,2026-03-22,customers/3123559470/expandedLandingPageViews/5855136931534355188,https://orlandoeventvenue.org?gad_source=1&gad_campaignid=23662973023&gbraid=0AAAABDHTQEpasZpey89Ruub_oOUBIFsbn
customers/3123559470/campaigns/23652899436,Event Venue Orlando,23652899436,0,0.0,0,0.0,,9,2026-03-22,customers/3123559470/expandedLandingPageViews/6729669374861496786,https://orlandoeventvenue.org?gad_source=6&gad_campaignid=23662973023&gbraid=0AAAABDHTQEoayi8lHJmZxQxxr-xreaKV-
customers/3123559470/campaigns/23652899436,Event Venue Orlando,23652899436,0,0.0,0,0.0,,3,2026-03-22,customers/3123559470/expandedLandingPageViews/6767295571695708538,https://orlandoeventvenue.org/book?gad_source=1&gad_campaignid=23662973023
customers/3123559470/campaigns/23652899436,Event Venue Orlando,23652899436,0,0.0,0,0.0,,1,2026-03-22,customers/3123559470/expandedLandingPageViews/7011984843808834470,https://orlandoeventvenue.org/book?gad_source=1&gad_campaignid=23662973023&gbraid=0AAAABDHTQErhNGKycASfSd6PLnTJo2h1o
customers/3123559470/campaigns/23652899436,Event Venue Orlando,23652899436,0,0.0,0,0.0,,1,2026-03-22,customers/3123559470/expandedLandingPageViews/7368442480740263343,https://orlandoeventvenue.org/?gad_source=1&gad_campaignid=23662973023&gbraid=0AAAABDHTQEola-9wqSmfiKLcD8uSOagcH
customers/3123559470/campaigns/23652899436,Event Venue Orlando,23652899436,0,0.0,0,0.0,,1,2026-03-22,customers/3123559470/expandedLandingPageViews/7584509440803514657,https://orlandoeventvenue.org/book?gad_source=1&gad_campaignid=23662973023&gbraid=0AAAABDHTQEqTan6NhqlsjqjQLkj8V8Y2t
customers/3123559470/campaigns/23652899436,Event Venue Orlando,23652899436,0,0.0,0,0.0,,40,2026-03-22,customers/3123559470/expandedLandingPageViews/7815078046432985898,https://orlandoeventvenue.org?gad_source=6&gad_campaignid=23662973023&gbraid=0AAAABDHTQEr0B2RivJuqhk2M6yO2S4SIG
customers/3123559470/campaigns/23652899436,Event Venue Orlando,23652899436,0,0.0,0,0.0,,1,2026-03-22,customers/3123559470/expandedLandingPageViews/8190478735666607894,https://orlandoeventvenue.org/?gad_source=1&gad_campaignid=23662973023&gbraid=0AAAABDHTQEpmBQJ3DuLuvsY59GAGxawY2
customers/3123559470/campaigns/23652899436,Event Venue Orlando,23652899436,0,0.0,0,0.0,,1,2026-03-22,customers/3123559470/expandedLandingPageViews/8262584556984922387,https://orlandoeventvenue.org?gad_source=1&gad_campaignid=23662973023&gbraid=0AAAABDHTQEqTan6NhqlsjqjQLkj8V8Y2t
customers/3123559470/campaigns/23652899436,Event Venue Orlando,23652899436,0,0.0,0,0.0,,1,2026-03-22,customers/3123559470/expandedLandingPageViews/8600298179348302992,https://orlandoeventvenue.org/book?gad_source=1&gad_campaignid=23662973023&gbraid=0AAAABDHTQEqNTPKq0KgQumjC4sq70xrJj
customers/3123559470/campaigns/23652899436,Event Venue Orlando,23652899436,0,0.0,0,0.0,,1,2026-03-22,customers/3123559470/expandedLandingPageViews/9093504713777578105,https://orlandoeventvenue.org/book?gad_source=1&gad_campaignid=23662973023&gbraid=0AAAABDHTQEomUYeVagNP7NLj88UJCgujS
customers/3123559470/campaigns/23652899436,Event Venue Orlando,23652899436,0,0.0,0,0.0,,6,2026-03-22,customers/3123559470/expandedLandingPageViews/9369449784866217438,https://orlandoeventvenue.org?gad_source=1&gad_campaignid=23662973023&gbraid=0AAAABDHTQEo4dZEtaK7-0cxld-VjMpvHV
customers/3123559470/campaigns/23652899436,Event Venue Orlando,23652899436,0,0.0,0,0.0,,1,2026-03-22,customers/3123559470/expandedLandingPageViews/10049575488352033229,https://orlandoeventvenue.org?gad_source=2&gad_campaignid=23662973023
customers/3123559470/campaigns/23652899436,Event Venue Orlando,23652899436,0,0.0,0,0.0,,1,2026-03-22,customers/3123559470/expandedLandingPageViews/10328926815511774949,https://orlandoeventvenue.org/?gad_campaignid=23662973023&wbraid=Cj4KCAjwg_nNBhAZEi4A6ELKOXh2ZyLwB8Vo9dqJ5eferEJo7osd2SlyHOiQqq_tqepBxbGp0xwVanf6GgK6aQ
customers/3123559470/campaigns/23652899436,Event Venue Orlando,23652899436,0,0.0,0,0.0,,2,2026-03-22,customers/3123559470/expandedLandingPageViews/11885233307284590092,https://orlandoeventvenue.org/book?gad_source=1&gad_campaignid=23662973023&gbraid=0AAAABDHTQEpmBQJ3DuLuvsY59GAGxawY2
customers/3123559470/campaigns/23652899436,Event Venue Orlando,23652899436,0,0.0,0,0.0,,6,2026-03-22,customers/3123559470/expandedLandingPageViews/12177897285448099997,https://orlandoeventvenue.org?gad_campaignid=23662973023&wbraid=Cj8KCQjwpv7NBhCQARIuAFbznUtKyehgpyLXn0N51Ronpb5qXOE_CCmldgK8CnKVde5OHOrOSeFYXeHaGRoC1wM
customers/3123559470/campaigns/23652899436,Event Venue Orlando,23652899436,0,0.0,0,0.0,,1,2026-03-22,customers/3123559470/expandedLandingPageViews/12540969724084177238,https://orlandoeventvenue.org/book?gad_source=1&gad_campaignid=23662973023&gbraid=0AAAABDHTQEqFD72RQW6baTR4aMfO8TbaV
customers/3123559470/campaigns/23652899436,Event Venue Orlando,23652899436,0,0.0,0,0.0,,1,2026-03-22,customers/3123559470/expandedLandingPageViews/12712775416719082908,https://orlandoeventvenue.org?gad_source=1&gad_campaignid=23662973023&gbraid=0AAAABDHTQEomUYeVagNP7NLj88UJCgujS
customers/3123559470/campaigns/23652899436,Event Venue Orlando,23652899436,0,0.0,2404,0.0,,4,2026-03-22,customers/3123559470/expandedLandingPageViews/12820257438871293888,https://orlandoeventvenue.org
customers/3123559470/campaigns/23652899436,Event Venue Orlando,23652899436,0,0.0,0,0.0,,1,2026-03-22,customers/3123559470/expandedLandingPageViews/12933369482575224808,https://orlandoeventvenue.org?gad_campaignid=23662973023&wbraid=Cj4KCAjwg_nNBhAZEi4A6ELKOW1ffHeQq3TRrmJyDPbHzXj9901aaEXRlbSv7a1z4bvw_WuiPb_3QCmZGgLQ5g
customers/3123559470/campaigns/23652899436,Event Venue Orlando,23652899436,0,0.0,0,0.0,,6,2026-03-22,customers/3123559470/expandedLandingPageViews/14124828513613593759,https://orlandoeventvenue.org?gad_campaignid=23662974871&wbraid=CkAKCAjwg_nNBhAZEjAA6ELKOdygtRpoFLFSITqB9U_DLrN5H36q1ITjmxW8Orxx3jvZ1dk9NaYBlNYIYi8aAmta
customers/3123559470/campaigns/23652899436,Event Venue Orlando,23652899436,0,0.0,0,0.0,,1,2026-03-22,customers/3123559470/expandedLandingPageViews/14408682891287594279,https://orlandoeventvenue.org/book?gad_source=1&gad_campaignid=23662973023&gbraid=0AAAABDHTQErbl8xp9bcJwc1f2Ep6BjSUw
customers/3123559470/campaigns/23652899436,Event Venue Orlando,23652899436,0,0.0,0,0.0,,7,2026-03-22,customers/3123559470/expandedLandingPageViews/15483804525607144599,https://orlandoeventvenue.org?gad_source=1&gad_campaignid=23662973023&gbraid=0AAAABDHTQErbl8xp9bcJwc1f2Ep6BjSUw
customers/3123559470/campaigns/23652899436,Event Venue Orlando,23652899436,0,0.0,0,0.0,,1,2026-03-22,customers/3123559470/expandedLandingPageViews/16161485647218803480,https://orlandoeventvenue.org?gbraid=0AAAABDHTQEquKqA4uLhknZXsVPcXbuv-C&gad_source=5&gad_campaignid=23662974871
customers/3123559470/campaigns/23652899436,Event Venue Orlando,23652899436,0,0.0,0,0.0,,43,2026-03-22,customers/3123559470/expandedLandingPageViews/17245717966211197539,https://orlandoeventvenue.org?gad_campaignid=23662973023&wbraid=Cj4KCAjwg_nNBhAZEi4A6ELKOXh2ZyLwB8Vo9dqJ5eferEJo7osd2SlyHOiQqq_tqepBxbGp0xwVanf6GgK6aQ
customers/3123559470/campaigns/23652899436,Event Venue Orlando,23652899436,0,0.0,0,0.0,,1,2026-03-22,customers/3123559470/expandedLandingPageViews/17755139533758193180,https://orlandoeventvenue.org?gad_source=1&gad_campaignid=23662973023&gbraid=0AAAABDHTQEola-9wqSmfiKLcD8uSOagcH
customers/3123559470/campaigns/23652899436,Event Venue Orlando,23652899436,0,0.0,0,0.0,,1,2026-03-22,customers/3123559470/expandedLandingPageViews/17933832437099713512,https://orlandoeventvenue.org?gad_source=1&gad_campaignid=23662973023&gbraid=0AAAABDHTQErhNGKycASfSd6PLnTJo2h1o
customers/3123559470/campaigns/23652899436,Event Venue Orlando,23652899436,0,0.0,0,0.0,,1,2026-03-22,customers/3123559470/expandedLandingPageViews/18123798884301389676,https://orlandoeventvenue.org?gad_source=1&gad_campaignid=23662973023&gbraid=0AAAABDHTQEpdzZlX-6wfLPgcDZ_Wls9Bp
customers/3123559470/campaigns/23652899436,Event Venue Orlando,23652899436,0,0.0,0,0.0,,1,2026-03-23,customers/3123559470/expandedLandingPageViews/1035833507640123000,https://orlandoeventvenue.org/?gad_source=6&gad_campaignid=23662973023&gbraid=0AAAABDHTQEoayi8lHJmZxQxxr-xreaKV-
customers/3123559470/campaigns/23652899436,Event Venue Orlando,23652899436,0,0.0,0,0.0,,2,2026-03-23,customers/3123559470/expandedLandingPageViews/1558440015041978020,https://orlandoeventvenue.org/?gad_source=1&gad_campaignid=23662973023
customers/3123559470/campaigns/23652899436,Event Venue Orlando,23652899436,0,0.0,0,0.0,,2,2026-03-23,customers/3123559470/expandedLandingPageViews/1641486109222033289,https://orlandoeventvenue.org?gad_source=1&gad_campaignid=23662973023&gbraid=0AAAABDHTQEqwbJjOxKEt_FBQiSc-XgjY6
customers/3123559470/campaigns/23652899436,Event Venue Orlando,23652899436,0,0.0,0,0.0,,1,2026-03-23,customers/3123559470/expandedLandingPageViews/3208516938211638155,https://orlandoeventvenue.org?gad_source=1&gad_campaignid=23662973023&gbraid=0AAAABDHTQEoqB3Ldqth7JJtYHUZiYdliB
customers/3123559470/campaigns/23652899436,Event Venue Orlando,23652899436,0,0.0,0,0.0,,1,2026-03-23,customers/3123559470/expandedLandingPageViews/4499558193811432373,https://orlandoeventvenue.org?gbraid=0AAAABDHTQErdI67g2y5dHEKoXPbT4QUzO&gad_source=5&gad_campaignid=23662974871
customers/3123559470/campaigns/23652899436,Event Venue Orlando,23652899436,0,0.0,0,0.0,,10,2026-03-23,customers/3123559470/expandedLandingPageViews/5855136931534355188,https://orlandoeventvenue.org?gad_source=1&gad_campaignid=23662973023&gbraid=0AAAABDHTQEpasZpey89Ruub_oOUBIFsbn
customers/3123559470/campaigns/23652899436,Event Venue Orlando,23652899436,0,0.0,0,0.0,,1,2026-03-23,customers/3123559470/expandedLandingPageViews/6138375604042509201,https://orlandoeventvenue.org?gad_source=1&gad_campaignid=23662973023&gbraid=0AAAABDHTQErnv3d_PI8fkCK7778iAGXnf
customers/3123559470/campaigns/23652899436,Event Venue Orlando,23652899436,0,0.0,0,0.0,,10,2026-03-23,customers/3123559470/expandedLandingPageViews/6729669374861496786,https://orlandoeventvenue.org?gad_source=6&gad_campaignid=23662973023&gbraid=0AAAABDHTQEoayi8lHJmZxQxxr-xreaKV-
customers/3123559470/campaigns/23652899436,Event Venue Orlando,23652899436,0,0.0,0,0.0,,2,2026-03-23,customers/3123559470/expandedLandingPageViews/6767295571695708538,https://orlandoeventvenue.org/book?gad_source=1&gad_campaignid=23662973023
customers/3123559470/campaigns/23652899436,Event Venue Orlando,23652899436,0,0.0,0,0.0,,1,2026-03-23,customers/3123559470/expandedLandingPageViews/6991647333480495200,https://orlandoeventvenue.org/book?gad_source=1&gad_campaignid=23662973023&gbraid=0AAAABDHTQErWY3FdngbIqSxNBp7xxJVKu
customers/3123559470/campaigns/23652899436,Event Venue Orlando,23652899436,0,0.0,0,0.0,,6,2026-03-23,customers/3123559470/expandedLandingPageViews/8969890257561669955,https://orlandoeventvenue.org?gad_source=1&gad_campaignid=23662973023
customers/3123559470/campaigns/23652899436,Event Venue Orlando,23652899436,0,0.0,0,0.0,,6,2026-03-23,customers/3123559470/expandedLandingPageViews/8983529408489321169,https://orlandoeventvenue.org/book?gad_source=1&gad_campaignid=23662973023&gbraid=0AAAABDHTQEo4dZEtaK7-0cxld-VjMpvHV
customers/3123559470/campaigns/23652899436,Event Venue Orlando,23652899436,0,0.0,0,0.0,,3,2026-03-23,customers/3123559470/expandedLandingPageViews/9601449220526221364,https://orlandoeventvenue.org?gad_source=6&gad_campaignid=23662973023
customers/3123559470/campaigns/23652899436,Event Venue Orlando,23652899436,0,0.0,0,0.0,,2,2026-03-23,customers/3123559470/expandedLandingPageViews/9971085954943977333,https://orlandoeventvenue.org/book?gad_source=1&gad_campaignid=23662973023&gbraid=0AAAABDHTQEqwbJjOxKEt_FBQiSc-XgjY6
customers/3123559470/campaigns/23652899436,Event Venue Orlando,23652899436,0,0.0,0,0.0,,1,2026-03-23,customers/3123559470/expandedLandingPageViews/10952993971297801105,https://orlandoeventvenue.org/book?gad_source=1&gad_campaignid=23662973023&gbraid=0AAAABDHTQErnv3d_PI8fkCK7778iAGXnf
customers/3123559470/campaigns/23652899436,Event Venue Orlando,23652899436,0,0.0,0,0.0,,1,2026-03-23,customers/3123559470/expandedLandingPageViews/11350976244628416022,https://orlandoeventvenue.org?gad_source=1&gad_campaignid=23662973023&gbraid=0AAAABDHTQEqe0MxS0DfxX6NAEmQxNgOtK
customers/3123559470/campaigns/23652899436,Event Venue Orlando,23652899436,0,0.0,0,0.0,,8,2026-03-23,customers/3123559470/expandedLandingPageViews/12177897285448099997,https://orlandoeventvenue.org?gad_campaignid=23662973023&wbraid=Cj8KCQjwpv7NBhCQARIuAFbznUtKyehgpyLXn0N51Ronpb5qXOE_CCmldgK8CnKVde5OHOrOSeFYXeHaGRoC1wM
customers/3123559470/campaigns/23652899436,Event Venue Orlando,23652899436,0,0.0,0,0.0,,1,2026-03-23,customers/3123559470/expandedLandingPageViews/15015304064487710971,https://orlandoeventvenue.org/book?gad_source=1&gad_campaignid=23662973023&gbraid=0AAAABDHTQEoqB3Ldqth7JJtYHUZiYdliB
customers/3123559470/campaigns/23652899436,Event Venue Orlando,23652899436,0,0.0,0,0.0,,1,2026-03-23,customers/3123559470/expandedLandingPageViews/17812049822494923475,https://orlandoeventvenue.org?gad_source=1&gad_campaignid=23662973023&gbraid=0AAAABDHTQErWY3FdngbIqSxNBp7xxJVKu
customers/3123559470/campaigns/23652899436,Event Venue Orlando,23652899436,0,0.0,0,0.0,,1,2026-03-23,customers/3123559470/expandedLandingPageViews/18123798884301389676,https://orlandoeventvenue.org?gad_source=1&gad_campaignid=23662973023&gbraid=0AAAABDHTQEpdzZlX-6wfLPgcDZ_Wls9Bp
